,Model1,Model2,Prompt1,Prompt2,Processor1,Processor2,Kappa
0,magicoder:7b-s-cl,magicoder:7b-s-cl,llm4cc-clone_type-patch,llm4cc-integrated-patch,defaultpatch,defaultpatch,0.007384609099172934
1,magicoder:7b-s-cl,codellama:7b-instruct,llm4cc-clone_type-patch,llm4cc-clone_type-patch,defaultpatch,defaultpatch,0.0011011483404121947
2,magicoder:7b-s-cl,codellama:7b-instruct,llm4cc-clone_type-patch,llm4cc-integrated-patch,defaultpatch,defaultpatch,-0.013592000074342359
3,magicoder:7b-s-cl,codellama:13b-instruct,llm4cc-clone_type-patch,llm4cc-clone_type-patch,defaultpatch,defaultpatch,0.038890041587356095
4,magicoder:7b-s-cl,codellama:13b-instruct,llm4cc-clone_type-patch,llm4cc-integrated-patch,defaultpatch,defaultpatch,0.018420626670048068
5,magicoder:7b-s-cl,deepseek-coder:6.7b,llm4cc-clone_type-patch,llm4cc-clone_type-patch,defaultpatch,defaultpatch,0.004808109587311593
6,magicoder:7b-s-cl,deepseek-coder:6.7b,llm4cc-clone_type-patch,llm4cc-integrated-patch,defaultpatch,defaultpatch,-0.007158187592588572
7,magicoder:7b-s-cl,codegemma:7b-instruct,llm4cc-clone_type-patch,llm4cc-clone_type-patch,defaultpatch,defaultpatch,-0.010897966987445162
8,magicoder:7b-s-cl,codegemma:7b-instruct,llm4cc-clone_type-patch,llm4cc-integrated-patch,defaultpatch,defaultpatch,0.0015261836162769882
9,magicoder:7b-s-cl,qwen2.5:7b,llm4cc-clone_type-patch,llm4cc-clone_type-patch,defaultpatch,defaultpatch,0.017674638095945605
10,magicoder:7b-s-cl,qwen2.5:7b,llm4cc-clone_type-patch,llm4cc-integrated-patch,defaultpatch,defaultpatch,-0.016949548326277597
11,magicoder:7b-s-cl,qwen2.5-coder:7b,llm4cc-clone_type-patch,llm4cc-clone_type-patch,defaultpatch,defaultpatch,-0.0036897732218605928
12,magicoder:7b-s-cl,qwen2.5-coder:7b,llm4cc-clone_type-patch,llm4cc-integrated-patch,defaultpatch,defaultpatch,0.020205572838118302
13,magicoder:7b-s-cl,yi-coder:9b,llm4cc-clone_type-patch,llm4cc-clone_type-patch,defaultpatch,defaultpatch,-0.03936272007841701
14,magicoder:7b-s-cl,yi-coder:9b,llm4cc-clone_type-patch,llm4cc-integrated-patch,defaultpatch,defaultpatch,-0.012280691453132153
15,magicoder:7b-s-cl,hermes3:8b,llm4cc-clone_type-patch,llm4cc-clone_type-patch,defaultpatch,defaultpatch,0.0034457538458032566
16,magicoder:7b-s-cl,hermes3:8b,llm4cc-clone_type-patch,llm4cc-integrated-patch,defaultpatch,defaultpatch,-0.0063041186141032934
17,magicoder:7b-s-cl,magicoder:7b-s-cl,llm4cc-clone_type-patch,llm4cc-clone_type-patch,defaultpatch,method,0.07341834205146203
18,magicoder:7b-s-cl,magicoder:7b-s-cl,llm4cc-clone_type-patch,llm4cc-integrated-patch,defaultpatch,method,-0.0037687795047629535
19,magicoder:7b-s-cl,codellama:7b-instruct,llm4cc-clone_type-patch,llm4cc-clone_type-patch,defaultpatch,method,0.041539347100038926
20,magicoder:7b-s-cl,codellama:7b-instruct,llm4cc-clone_type-patch,llm4cc-integrated-patch,defaultpatch,method,0.02576005835053763
21,magicoder:7b-s-cl,codellama:13b-instruct,llm4cc-clone_type-patch,llm4cc-clone_type-patch,defaultpatch,method,0.024487613997198898
22,magicoder:7b-s-cl,codellama:13b-instruct,llm4cc-clone_type-patch,llm4cc-integrated-patch,defaultpatch,method,0.022272082840187224
23,magicoder:7b-s-cl,deepseek-coder:6.7b,llm4cc-clone_type-patch,llm4cc-clone_type-patch,defaultpatch,method,0.0023949553386169997
24,magicoder:7b-s-cl,deepseek-coder:6.7b,llm4cc-clone_type-patch,llm4cc-integrated-patch,defaultpatch,method,-0.04937999550587646
25,magicoder:7b-s-cl,codegemma:7b-instruct,llm4cc-clone_type-patch,llm4cc-clone_type-patch,defaultpatch,method,0.0015833590372139605
26,magicoder:7b-s-cl,codegemma:7b-instruct,llm4cc-clone_type-patch,llm4cc-integrated-patch,defaultpatch,method,-0.012823492359987698
27,magicoder:7b-s-cl,qwen2.5:7b,llm4cc-clone_type-patch,llm4cc-clone_type-patch,defaultpatch,method,0.047254796256062215
28,magicoder:7b-s-cl,qwen2.5:7b,llm4cc-clone_type-patch,llm4cc-integrated-patch,defaultpatch,method,-0.015603712514209223
29,magicoder:7b-s-cl,qwen2.5-coder:7b,llm4cc-clone_type-patch,llm4cc-clone_type-patch,defaultpatch,method,0.0005684898871235466
30,magicoder:7b-s-cl,qwen2.5-coder:7b,llm4cc-clone_type-patch,llm4cc-integrated-patch,defaultpatch,method,-0.028523837615693104
31,magicoder:7b-s-cl,yi-coder:9b,llm4cc-clone_type-patch,llm4cc-clone_type-patch,defaultpatch,method,0.0009489207991905113
32,magicoder:7b-s-cl,yi-coder:9b,llm4cc-clone_type-patch,llm4cc-integrated-patch,defaultpatch,method,-0.02125309216167115
33,magicoder:7b-s-cl,hermes3:8b,llm4cc-clone_type-patch,llm4cc-clone_type-patch,defaultpatch,method,-0.0003511574848911181
34,magicoder:7b-s-cl,hermes3:8b,llm4cc-clone_type-patch,llm4cc-integrated-patch,defaultpatch,method,-0.01774095955183963
35,magicoder:7b-s-cl,codellama:7b-instruct,llm4cc-integrated-patch,llm4cc-clone_type-patch,defaultpatch,defaultpatch,0.012809965918439303
36,magicoder:7b-s-cl,codellama:7b-instruct,llm4cc-integrated-patch,llm4cc-integrated-patch,defaultpatch,defaultpatch,-0.002771596705718249
37,magicoder:7b-s-cl,codellama:13b-instruct,llm4cc-integrated-patch,llm4cc-clone_type-patch,defaultpatch,defaultpatch,0.021362119898296728
38,magicoder:7b-s-cl,codellama:13b-instruct,llm4cc-integrated-patch,llm4cc-integrated-patch,defaultpatch,defaultpatch,0.015386177829685654
39,magicoder:7b-s-cl,deepseek-coder:6.7b,llm4cc-integrated-patch,llm4cc-clone_type-patch,defaultpatch,defaultpatch,-0.015875347511248084
40,magicoder:7b-s-cl,deepseek-coder:6.7b,llm4cc-integrated-patch,llm4cc-integrated-patch,defaultpatch,defaultpatch,0.014632592221741847
41,magicoder:7b-s-cl,codegemma:7b-instruct,llm4cc-integrated-patch,llm4cc-clone_type-patch,defaultpatch,defaultpatch,0.008306608198616727
42,magicoder:7b-s-cl,codegemma:7b-instruct,llm4cc-integrated-patch,llm4cc-integrated-patch,defaultpatch,defaultpatch,0.03723523969091502
43,magicoder:7b-s-cl,qwen2.5:7b,llm4cc-integrated-patch,llm4cc-clone_type-patch,defaultpatch,defaultpatch,-0.025724205016895985
44,magicoder:7b-s-cl,qwen2.5:7b,llm4cc-integrated-patch,llm4cc-integrated-patch,defaultpatch,defaultpatch,-0.01607362401019885
45,magicoder:7b-s-cl,qwen2.5-coder:7b,llm4cc-integrated-patch,llm4cc-clone_type-patch,defaultpatch,defaultpatch,-0.01270242797172405
46,magicoder:7b-s-cl,qwen2.5-coder:7b,llm4cc-integrated-patch,llm4cc-integrated-patch,defaultpatch,defaultpatch,0.0015089379793448154
47,magicoder:7b-s-cl,yi-coder:9b,llm4cc-integrated-patch,llm4cc-clone_type-patch,defaultpatch,defaultpatch,0.00861834201041245
48,magicoder:7b-s-cl,yi-coder:9b,llm4cc-integrated-patch,llm4cc-integrated-patch,defaultpatch,defaultpatch,0.020051732701561797
49,magicoder:7b-s-cl,hermes3:8b,llm4cc-integrated-patch,llm4cc-clone_type-patch,defaultpatch,defaultpatch,0.004113238449657497
50,magicoder:7b-s-cl,hermes3:8b,llm4cc-integrated-patch,llm4cc-integrated-patch,defaultpatch,defaultpatch,0.014225918854755881
51,magicoder:7b-s-cl,magicoder:7b-s-cl,llm4cc-integrated-patch,llm4cc-clone_type-patch,defaultpatch,method,-0.02366335020320509
52,magicoder:7b-s-cl,magicoder:7b-s-cl,llm4cc-integrated-patch,llm4cc-integrated-patch,defaultpatch,method,0.016636261269072805
53,magicoder:7b-s-cl,codellama:7b-instruct,llm4cc-integrated-patch,llm4cc-clone_type-patch,defaultpatch,method,-0.03232243252627853
54,magicoder:7b-s-cl,codellama:7b-instruct,llm4cc-integrated-patch,llm4cc-integrated-patch,defaultpatch,method,-0.013178176892355786
55,magicoder:7b-s-cl,codellama:13b-instruct,llm4cc-integrated-patch,llm4cc-clone_type-patch,defaultpatch,method,0.006915267502708988
56,magicoder:7b-s-cl,codellama:13b-instruct,llm4cc-integrated-patch,llm4cc-integrated-patch,defaultpatch,method,-0.006348631336242638
57,magicoder:7b-s-cl,deepseek-coder:6.7b,llm4cc-integrated-patch,llm4cc-clone_type-patch,defaultpatch,method,0.00035669566971452404
58,magicoder:7b-s-cl,deepseek-coder:6.7b,llm4cc-integrated-patch,llm4cc-integrated-patch,defaultpatch,method,0.02851659305485932
59,magicoder:7b-s-cl,codegemma:7b-instruct,llm4cc-integrated-patch,llm4cc-clone_type-patch,defaultpatch,method,0.0007674472562544388
60,magicoder:7b-s-cl,codegemma:7b-instruct,llm4cc-integrated-patch,llm4cc-integrated-patch,defaultpatch,method,0.003563550259316095
61,magicoder:7b-s-cl,qwen2.5:7b,llm4cc-integrated-patch,llm4cc-clone_type-patch,defaultpatch,method,0.013767093033671629
62,magicoder:7b-s-cl,qwen2.5:7b,llm4cc-integrated-patch,llm4cc-integrated-patch,defaultpatch,method,0.004093911956735252
63,magicoder:7b-s-cl,qwen2.5-coder:7b,llm4cc-integrated-patch,llm4cc-clone_type-patch,defaultpatch,method,0.0006283073627531
64,magicoder:7b-s-cl,qwen2.5-coder:7b,llm4cc-integrated-patch,llm4cc-integrated-patch,defaultpatch,method,-0.011029208097574461
65,magicoder:7b-s-cl,yi-coder:9b,llm4cc-integrated-patch,llm4cc-clone_type-patch,defaultpatch,method,-0.004485365425359822
66,magicoder:7b-s-cl,yi-coder:9b,llm4cc-integrated-patch,llm4cc-integrated-patch,defaultpatch,method,0.009195414760366338
67,magicoder:7b-s-cl,hermes3:8b,llm4cc-integrated-patch,llm4cc-clone_type-patch,defaultpatch,method,-0.004674955113655788
68,magicoder:7b-s-cl,hermes3:8b,llm4cc-integrated-patch,llm4cc-integrated-patch,defaultpatch,method,0.013601408696995887
69,codellama:7b-instruct,codellama:7b-instruct,llm4cc-clone_type-patch,llm4cc-integrated-patch,defaultpatch,defaultpatch,-0.0025378049036262063
70,codellama:7b-instruct,codellama:13b-instruct,llm4cc-clone_type-patch,llm4cc-clone_type-patch,defaultpatch,defaultpatch,0.01423251776209078
71,codellama:7b-instruct,codellama:13b-instruct,llm4cc-clone_type-patch,llm4cc-integrated-patch,defaultpatch,defaultpatch,0.001185457500016751
72,codellama:7b-instruct,deepseek-coder:6.7b,llm4cc-clone_type-patch,llm4cc-clone_type-patch,defaultpatch,defaultpatch,-0.014439020371171285
73,codellama:7b-instruct,deepseek-coder:6.7b,llm4cc-clone_type-patch,llm4cc-integrated-patch,defaultpatch,defaultpatch,-0.04630582704021147
74,codellama:7b-instruct,codegemma:7b-instruct,llm4cc-clone_type-patch,llm4cc-clone_type-patch,defaultpatch,defaultpatch,0.007980187121628957
75,codellama:7b-instruct,codegemma:7b-instruct,llm4cc-clone_type-patch,llm4cc-integrated-patch,defaultpatch,defaultpatch,0.007200523674449122
76,codellama:7b-instruct,qwen2.5:7b,llm4cc-clone_type-patch,llm4cc-clone_type-patch,defaultpatch,defaultpatch,0.004857187456381529
77,codellama:7b-instruct,qwen2.5:7b,llm4cc-clone_type-patch,llm4cc-integrated-patch,defaultpatch,defaultpatch,0.018006418016124903
78,codellama:7b-instruct,qwen2.5-coder:7b,llm4cc-clone_type-patch,llm4cc-clone_type-patch,defaultpatch,defaultpatch,0.11896805354822904
79,codellama:7b-instruct,qwen2.5-coder:7b,llm4cc-clone_type-patch,llm4cc-integrated-patch,defaultpatch,defaultpatch,-0.051607940946954756
80,codellama:7b-instruct,yi-coder:9b,llm4cc-clone_type-patch,llm4cc-clone_type-patch,defaultpatch,defaultpatch,-0.01134376709120577
81,codellama:7b-instruct,yi-coder:9b,llm4cc-clone_type-patch,llm4cc-integrated-patch,defaultpatch,defaultpatch,-0.0070867768972902034
82,codellama:7b-instruct,hermes3:8b,llm4cc-clone_type-patch,llm4cc-clone_type-patch,defaultpatch,defaultpatch,0.012735265253005279
83,codellama:7b-instruct,hermes3:8b,llm4cc-clone_type-patch,llm4cc-integrated-patch,defaultpatch,defaultpatch,0.05350917830243851
84,codellama:7b-instruct,magicoder:7b-s-cl,llm4cc-clone_type-patch,llm4cc-clone_type-patch,defaultpatch,method,-0.0382236202175088
85,codellama:7b-instruct,magicoder:7b-s-cl,llm4cc-clone_type-patch,llm4cc-integrated-patch,defaultpatch,method,-0.016069415133237896
86,codellama:7b-instruct,codellama:7b-instruct,llm4cc-clone_type-patch,llm4cc-clone_type-patch,defaultpatch,method,-0.04155806395855288
87,codellama:7b-instruct,codellama:7b-instruct,llm4cc-clone_type-patch,llm4cc-integrated-patch,defaultpatch,method,-0.03753304078084496
88,codellama:7b-instruct,codellama:13b-instruct,llm4cc-clone_type-patch,llm4cc-clone_type-patch,defaultpatch,method,-0.028732908040806304
89,codellama:7b-instruct,codellama:13b-instruct,llm4cc-clone_type-patch,llm4cc-integrated-patch,defaultpatch,method,-0.05460148167358714
90,codellama:7b-instruct,deepseek-coder:6.7b,llm4cc-clone_type-patch,llm4cc-clone_type-patch,defaultpatch,method,0.006694119411709276
91,codellama:7b-instruct,deepseek-coder:6.7b,llm4cc-clone_type-patch,llm4cc-integrated-patch,defaultpatch,method,-0.0019849146486699
92,codellama:7b-instruct,codegemma:7b-instruct,llm4cc-clone_type-patch,llm4cc-clone_type-patch,defaultpatch,method,-0.0006729878662286026
93,codellama:7b-instruct,codegemma:7b-instruct,llm4cc-clone_type-patch,llm4cc-integrated-patch,defaultpatch,method,0.03579470696444709
94,codellama:7b-instruct,qwen2.5:7b,llm4cc-clone_type-patch,llm4cc-clone_type-patch,defaultpatch,method,0.025156528909637488
95,codellama:7b-instruct,qwen2.5:7b,llm4cc-clone_type-patch,llm4cc-integrated-patch,defaultpatch,method,-0.01286900210120212
96,codellama:7b-instruct,qwen2.5-coder:7b,llm4cc-clone_type-patch,llm4cc-clone_type-patch,defaultpatch,method,0.005453252463365699
97,codellama:7b-instruct,qwen2.5-coder:7b,llm4cc-clone_type-patch,llm4cc-integrated-patch,defaultpatch,method,0.0013265199356825574
98,codellama:7b-instruct,yi-coder:9b,llm4cc-clone_type-patch,llm4cc-clone_type-patch,defaultpatch,method,0.02163659274515939
99,codellama:7b-instruct,yi-coder:9b,llm4cc-clone_type-patch,llm4cc-integrated-patch,defaultpatch,method,0.011294428304654325
100,codellama:7b-instruct,hermes3:8b,llm4cc-clone_type-patch,llm4cc-clone_type-patch,defaultpatch,method,-0.0028721396641469
101,codellama:7b-instruct,hermes3:8b,llm4cc-clone_type-patch,llm4cc-integrated-patch,defaultpatch,method,0.011006420311222676
102,codellama:7b-instruct,codellama:13b-instruct,llm4cc-integrated-patch,llm4cc-clone_type-patch,defaultpatch,defaultpatch,0.001151617662936033
103,codellama:7b-instruct,codellama:13b-instruct,llm4cc-integrated-patch,llm4cc-integrated-patch,defaultpatch,defaultpatch,0.005781485993105795
104,codellama:7b-instruct,deepseek-coder:6.7b,llm4cc-integrated-patch,llm4cc-clone_type-patch,defaultpatch,defaultpatch,0.027881272381795275
105,codellama:7b-instruct,deepseek-coder:6.7b,llm4cc-integrated-patch,llm4cc-integrated-patch,defaultpatch,defaultpatch,0.03165248701658119
106,codellama:7b-instruct,codegemma:7b-instruct,llm4cc-integrated-patch,llm4cc-clone_type-patch,defaultpatch,defaultpatch,-0.011312276301695512
107,codellama:7b-instruct,codegemma:7b-instruct,llm4cc-integrated-patch,llm4cc-integrated-patch,defaultpatch,defaultpatch,0.014933550088534253
108,codellama:7b-instruct,qwen2.5:7b,llm4cc-integrated-patch,llm4cc-clone_type-patch,defaultpatch,defaultpatch,0.00210012709190599
109,codellama:7b-instruct,qwen2.5:7b,llm4cc-integrated-patch,llm4cc-integrated-patch,defaultpatch,defaultpatch,-0.007011527981555243
110,codellama:7b-instruct,qwen2.5-coder:7b,llm4cc-integrated-patch,llm4cc-clone_type-patch,defaultpatch,defaultpatch,-0.01654325737369322
111,codellama:7b-instruct,qwen2.5-coder:7b,llm4cc-integrated-patch,llm4cc-integrated-patch,defaultpatch,defaultpatch,0.011337737578711815
112,codellama:7b-instruct,yi-coder:9b,llm4cc-integrated-patch,llm4cc-clone_type-patch,defaultpatch,defaultpatch,0.0068761730155215695
113,codellama:7b-instruct,yi-coder:9b,llm4cc-integrated-patch,llm4cc-integrated-patch,defaultpatch,defaultpatch,0.013479798145003774
114,codellama:7b-instruct,hermes3:8b,llm4cc-integrated-patch,llm4cc-clone_type-patch,defaultpatch,defaultpatch,-0.00443514713315607
115,codellama:7b-instruct,hermes3:8b,llm4cc-integrated-patch,llm4cc-integrated-patch,defaultpatch,defaultpatch,0.00529994732763206
116,codellama:7b-instruct,magicoder:7b-s-cl,llm4cc-integrated-patch,llm4cc-clone_type-patch,defaultpatch,method,0.05927492654372524
117,codellama:7b-instruct,magicoder:7b-s-cl,llm4cc-integrated-patch,llm4cc-integrated-patch,defaultpatch,method,0.0008717377432160278
118,codellama:7b-instruct,codellama:7b-instruct,llm4cc-integrated-patch,llm4cc-clone_type-patch,defaultpatch,method,0.008194407422671524
119,codellama:7b-instruct,codellama:7b-instruct,llm4cc-integrated-patch,llm4cc-integrated-patch,defaultpatch,method,0.02385512414871027
120,codellama:7b-instruct,codellama:13b-instruct,llm4cc-integrated-patch,llm4cc-clone_type-patch,defaultpatch,method,0.029996453318793637
121,codellama:7b-instruct,codellama:13b-instruct,llm4cc-integrated-patch,llm4cc-integrated-patch,defaultpatch,method,0.03896814725795139
122,codellama:7b-instruct,deepseek-coder:6.7b,llm4cc-integrated-patch,llm4cc-clone_type-patch,defaultpatch,method,0.017114841969470773
123,codellama:7b-instruct,deepseek-coder:6.7b,llm4cc-integrated-patch,llm4cc-integrated-patch,defaultpatch,method,-0.0023857492789123302
124,codellama:7b-instruct,codegemma:7b-instruct,llm4cc-integrated-patch,llm4cc-clone_type-patch,defaultpatch,method,-0.009119177513564836
125,codellama:7b-instruct,codegemma:7b-instruct,llm4cc-integrated-patch,llm4cc-integrated-patch,defaultpatch,method,-0.011475045721549781
126,codellama:7b-instruct,qwen2.5:7b,llm4cc-integrated-patch,llm4cc-clone_type-patch,defaultpatch,method,-0.0007614866319709535
127,codellama:7b-instruct,qwen2.5:7b,llm4cc-integrated-patch,llm4cc-integrated-patch,defaultpatch,method,-0.006003292463167664
128,codellama:7b-instruct,qwen2.5-coder:7b,llm4cc-integrated-patch,llm4cc-clone_type-patch,defaultpatch,method,-0.0005708486616768926
129,codellama:7b-instruct,qwen2.5-coder:7b,llm4cc-integrated-patch,llm4cc-integrated-patch,defaultpatch,method,-0.018888189360261265
130,codellama:7b-instruct,yi-coder:9b,llm4cc-integrated-patch,llm4cc-clone_type-patch,defaultpatch,method,0.0165033290654234
131,codellama:7b-instruct,yi-coder:9b,llm4cc-integrated-patch,llm4cc-integrated-patch,defaultpatch,method,-0.04534487777337115
132,codellama:7b-instruct,hermes3:8b,llm4cc-integrated-patch,llm4cc-clone_type-patch,defaultpatch,method,0.0017825111950398043
133,codellama:7b-instruct,hermes3:8b,llm4cc-integrated-patch,llm4cc-integrated-patch,defaultpatch,method,-0.01073950037401894
134,codellama:13b-instruct,codellama:13b-instruct,llm4cc-clone_type-patch,llm4cc-integrated-patch,defaultpatch,defaultpatch,0.011854805252974665
135,codellama:13b-instruct,deepseek-coder:6.7b,llm4cc-clone_type-patch,llm4cc-clone_type-patch,defaultpatch,defaultpatch,0.03327400096034305
136,codellama:13b-instruct,deepseek-coder:6.7b,llm4cc-clone_type-patch,llm4cc-integrated-patch,defaultpatch,defaultpatch,-0.008752197907573978
137,codellama:13b-instruct,codegemma:7b-instruct,llm4cc-clone_type-patch,llm4cc-clone_type-patch,defaultpatch,defaultpatch,0.004793021607126469
138,codellama:13b-instruct,codegemma:7b-instruct,llm4cc-clone_type-patch,llm4cc-integrated-patch,defaultpatch,defaultpatch,0.006829283715636181
139,codellama:13b-instruct,qwen2.5:7b,llm4cc-clone_type-patch,llm4cc-clone_type-patch,defaultpatch,defaultpatch,0.005596459122441222
140,codellama:13b-instruct,qwen2.5:7b,llm4cc-clone_type-patch,llm4cc-integrated-patch,defaultpatch,defaultpatch,-0.009692344934110864
141,codellama:13b-instruct,qwen2.5-coder:7b,llm4cc-clone_type-patch,llm4cc-clone_type-patch,defaultpatch,defaultpatch,0.009768242551136841
142,codellama:13b-instruct,qwen2.5-coder:7b,llm4cc-clone_type-patch,llm4cc-integrated-patch,defaultpatch,defaultpatch,-0.03233395192475852
143,codellama:13b-instruct,yi-coder:9b,llm4cc-clone_type-patch,llm4cc-clone_type-patch,defaultpatch,defaultpatch,-0.01707918061910818
144,codellama:13b-instruct,yi-coder:9b,llm4cc-clone_type-patch,llm4cc-integrated-patch,defaultpatch,defaultpatch,-0.011523858274046672
145,codellama:13b-instruct,hermes3:8b,llm4cc-clone_type-patch,llm4cc-clone_type-patch,defaultpatch,defaultpatch,0.0003529000321798037
146,codellama:13b-instruct,hermes3:8b,llm4cc-clone_type-patch,llm4cc-integrated-patch,defaultpatch,defaultpatch,0.03079733739787316
147,codellama:13b-instruct,magicoder:7b-s-cl,llm4cc-clone_type-patch,llm4cc-clone_type-patch,defaultpatch,method,-0.014747509538582282
148,codellama:13b-instruct,magicoder:7b-s-cl,llm4cc-clone_type-patch,llm4cc-integrated-patch,defaultpatch,method,-0.009028632346457233
149,codellama:13b-instruct,codellama:7b-instruct,llm4cc-clone_type-patch,llm4cc-clone_type-patch,defaultpatch,method,0.014898845713374853
150,codellama:13b-instruct,codellama:7b-instruct,llm4cc-clone_type-patch,llm4cc-integrated-patch,defaultpatch,method,0.032396203852344874
151,codellama:13b-instruct,codellama:13b-instruct,llm4cc-clone_type-patch,llm4cc-clone_type-patch,defaultpatch,method,-0.023190736021073022
152,codellama:13b-instruct,codellama:13b-instruct,llm4cc-clone_type-patch,llm4cc-integrated-patch,defaultpatch,method,0.05119460025269429
153,codellama:13b-instruct,deepseek-coder:6.7b,llm4cc-clone_type-patch,llm4cc-clone_type-patch,defaultpatch,method,0.021189894947143406
154,codellama:13b-instruct,deepseek-coder:6.7b,llm4cc-clone_type-patch,llm4cc-integrated-patch,defaultpatch,method,0.02140530848027855
155,codellama:13b-instruct,codegemma:7b-instruct,llm4cc-clone_type-patch,llm4cc-clone_type-patch,defaultpatch,method,0.004403133299114015
156,codellama:13b-instruct,codegemma:7b-instruct,llm4cc-clone_type-patch,llm4cc-integrated-patch,defaultpatch,method,-0.018645916709726817
157,codellama:13b-instruct,qwen2.5:7b,llm4cc-clone_type-patch,llm4cc-clone_type-patch,defaultpatch,method,-0.06365522020308689
158,codellama:13b-instruct,qwen2.5:7b,llm4cc-clone_type-patch,llm4cc-integrated-patch,defaultpatch,method,0.014463169761993466
159,codellama:13b-instruct,qwen2.5-coder:7b,llm4cc-clone_type-patch,llm4cc-clone_type-patch,defaultpatch,method,0.006535577554765082
160,codellama:13b-instruct,qwen2.5-coder:7b,llm4cc-clone_type-patch,llm4cc-integrated-patch,defaultpatch,method,-0.006054805856722023
161,codellama:13b-instruct,yi-coder:9b,llm4cc-clone_type-patch,llm4cc-clone_type-patch,defaultpatch,method,0.04102196716285844
162,codellama:13b-instruct,yi-coder:9b,llm4cc-clone_type-patch,llm4cc-integrated-patch,defaultpatch,method,0.020753809859233696
163,codellama:13b-instruct,hermes3:8b,llm4cc-clone_type-patch,llm4cc-clone_type-patch,defaultpatch,method,-0.004739163862151896
164,codellama:13b-instruct,hermes3:8b,llm4cc-clone_type-patch,llm4cc-integrated-patch,defaultpatch,method,0.022891779651256883
165,codellama:13b-instruct,deepseek-coder:6.7b,llm4cc-integrated-patch,llm4cc-clone_type-patch,defaultpatch,defaultpatch,-0.006856162680348499
166,codellama:13b-instruct,deepseek-coder:6.7b,llm4cc-integrated-patch,llm4cc-integrated-patch,defaultpatch,defaultpatch,-0.016980820726572254
167,codellama:13b-instruct,codegemma:7b-instruct,llm4cc-integrated-patch,llm4cc-clone_type-patch,defaultpatch,defaultpatch,-0.017824133215107008
168,codellama:13b-instruct,codegemma:7b-instruct,llm4cc-integrated-patch,llm4cc-integrated-patch,defaultpatch,defaultpatch,0.031959249091992104
169,codellama:13b-instruct,qwen2.5:7b,llm4cc-integrated-patch,llm4cc-clone_type-patch,defaultpatch,defaultpatch,-0.020061708270629586
170,codellama:13b-instruct,qwen2.5:7b,llm4cc-integrated-patch,llm4cc-integrated-patch,defaultpatch,defaultpatch,-0.013101306604775598
171,codellama:13b-instruct,qwen2.5-coder:7b,llm4cc-integrated-patch,llm4cc-clone_type-patch,defaultpatch,defaultpatch,0.04045359045546637
172,codellama:13b-instruct,qwen2.5-coder:7b,llm4cc-integrated-patch,llm4cc-integrated-patch,defaultpatch,defaultpatch,-0.06406139109708575
173,codellama:13b-instruct,yi-coder:9b,llm4cc-integrated-patch,llm4cc-clone_type-patch,defaultpatch,defaultpatch,0.017156663027004138
174,codellama:13b-instruct,yi-coder:9b,llm4cc-integrated-patch,llm4cc-integrated-patch,defaultpatch,defaultpatch,-0.0018383836395665654
175,codellama:13b-instruct,hermes3:8b,llm4cc-integrated-patch,llm4cc-clone_type-patch,defaultpatch,defaultpatch,-0.009681707426650421
176,codellama:13b-instruct,hermes3:8b,llm4cc-integrated-patch,llm4cc-integrated-patch,defaultpatch,defaultpatch,0.0062506175595509195
177,codellama:13b-instruct,magicoder:7b-s-cl,llm4cc-integrated-patch,llm4cc-clone_type-patch,defaultpatch,method,-0.05606457634115247
178,codellama:13b-instruct,magicoder:7b-s-cl,llm4cc-integrated-patch,llm4cc-integrated-patch,defaultpatch,method,-0.011282030315729275
179,codellama:13b-instruct,codellama:7b-instruct,llm4cc-integrated-patch,llm4cc-clone_type-patch,defaultpatch,method,0.007703446784624535
180,codellama:13b-instruct,codellama:7b-instruct,llm4cc-integrated-patch,llm4cc-integrated-patch,defaultpatch,method,0.015038401171466376
181,codellama:13b-instruct,codellama:13b-instruct,llm4cc-integrated-patch,llm4cc-clone_type-patch,defaultpatch,method,-0.0640948726283479
182,codellama:13b-instruct,codellama:13b-instruct,llm4cc-integrated-patch,llm4cc-integrated-patch,defaultpatch,method,-0.03817782074276055
183,codellama:13b-instruct,deepseek-coder:6.7b,llm4cc-integrated-patch,llm4cc-clone_type-patch,defaultpatch,method,0.03722422390145197
184,codellama:13b-instruct,deepseek-coder:6.7b,llm4cc-integrated-patch,llm4cc-integrated-patch,defaultpatch,method,0.04770253745390862
185,codellama:13b-instruct,codegemma:7b-instruct,llm4cc-integrated-patch,llm4cc-clone_type-patch,defaultpatch,method,0.010410556131525528
186,codellama:13b-instruct,codegemma:7b-instruct,llm4cc-integrated-patch,llm4cc-integrated-patch,defaultpatch,method,0.036024566855685225
187,codellama:13b-instruct,qwen2.5:7b,llm4cc-integrated-patch,llm4cc-clone_type-patch,defaultpatch,method,-0.02334653043370971
188,codellama:13b-instruct,qwen2.5:7b,llm4cc-integrated-patch,llm4cc-integrated-patch,defaultpatch,method,0.03348298889110324
189,codellama:13b-instruct,qwen2.5-coder:7b,llm4cc-integrated-patch,llm4cc-clone_type-patch,defaultpatch,method,-0.0024084485455646565
190,codellama:13b-instruct,qwen2.5-coder:7b,llm4cc-integrated-patch,llm4cc-integrated-patch,defaultpatch,method,-0.012815689815163234
191,codellama:13b-instruct,yi-coder:9b,llm4cc-integrated-patch,llm4cc-clone_type-patch,defaultpatch,method,0.04088146473315224
192,codellama:13b-instruct,yi-coder:9b,llm4cc-integrated-patch,llm4cc-integrated-patch,defaultpatch,method,0.06045522122602365
193,codellama:13b-instruct,hermes3:8b,llm4cc-integrated-patch,llm4cc-clone_type-patch,defaultpatch,method,0.004012902859935941
194,codellama:13b-instruct,hermes3:8b,llm4cc-integrated-patch,llm4cc-integrated-patch,defaultpatch,method,0.006602843897276611
195,deepseek-coder:6.7b,deepseek-coder:6.7b,llm4cc-clone_type-patch,llm4cc-integrated-patch,defaultpatch,defaultpatch,0.01351277422178454
196,deepseek-coder:6.7b,codegemma:7b-instruct,llm4cc-clone_type-patch,llm4cc-clone_type-patch,defaultpatch,defaultpatch,-0.00537181834749334
197,deepseek-coder:6.7b,codegemma:7b-instruct,llm4cc-clone_type-patch,llm4cc-integrated-patch,defaultpatch,defaultpatch,-0.024886416277988932
198,deepseek-coder:6.7b,qwen2.5:7b,llm4cc-clone_type-patch,llm4cc-clone_type-patch,defaultpatch,defaultpatch,-0.027707606961167253
199,deepseek-coder:6.7b,qwen2.5:7b,llm4cc-clone_type-patch,llm4cc-integrated-patch,defaultpatch,defaultpatch,-0.03380569788173626
200,deepseek-coder:6.7b,qwen2.5-coder:7b,llm4cc-clone_type-patch,llm4cc-clone_type-patch,defaultpatch,defaultpatch,0.022882868172752868
201,deepseek-coder:6.7b,qwen2.5-coder:7b,llm4cc-clone_type-patch,llm4cc-integrated-patch,defaultpatch,defaultpatch,-0.012160051948855166
202,deepseek-coder:6.7b,yi-coder:9b,llm4cc-clone_type-patch,llm4cc-clone_type-patch,defaultpatch,defaultpatch,0.0120777572651668
203,deepseek-coder:6.7b,yi-coder:9b,llm4cc-clone_type-patch,llm4cc-integrated-patch,defaultpatch,defaultpatch,-0.006594545604762914
204,deepseek-coder:6.7b,hermes3:8b,llm4cc-clone_type-patch,llm4cc-clone_type-patch,defaultpatch,defaultpatch,0.004768944045893342
205,deepseek-coder:6.7b,hermes3:8b,llm4cc-clone_type-patch,llm4cc-integrated-patch,defaultpatch,defaultpatch,0.00850104531371998
206,deepseek-coder:6.7b,magicoder:7b-s-cl,llm4cc-clone_type-patch,llm4cc-clone_type-patch,defaultpatch,method,0.01723016313692738
207,deepseek-coder:6.7b,magicoder:7b-s-cl,llm4cc-clone_type-patch,llm4cc-integrated-patch,defaultpatch,method,-0.019063599440796608
208,deepseek-coder:6.7b,codellama:7b-instruct,llm4cc-clone_type-patch,llm4cc-clone_type-patch,defaultpatch,method,0.03848277057699068
209,deepseek-coder:6.7b,codellama:7b-instruct,llm4cc-clone_type-patch,llm4cc-integrated-patch,defaultpatch,method,-0.009136494720373589
210,deepseek-coder:6.7b,codellama:13b-instruct,llm4cc-clone_type-patch,llm4cc-clone_type-patch,defaultpatch,method,-0.015973187483468543
211,deepseek-coder:6.7b,codellama:13b-instruct,llm4cc-clone_type-patch,llm4cc-integrated-patch,defaultpatch,method,0.012499404628249944
212,deepseek-coder:6.7b,deepseek-coder:6.7b,llm4cc-clone_type-patch,llm4cc-clone_type-patch,defaultpatch,method,0.022421780989727802
213,deepseek-coder:6.7b,deepseek-coder:6.7b,llm4cc-clone_type-patch,llm4cc-integrated-patch,defaultpatch,method,-0.011510469173912297
214,deepseek-coder:6.7b,codegemma:7b-instruct,llm4cc-clone_type-patch,llm4cc-clone_type-patch,defaultpatch,method,0.002715214233877772
215,deepseek-coder:6.7b,codegemma:7b-instruct,llm4cc-clone_type-patch,llm4cc-integrated-patch,defaultpatch,method,-0.005199842654366238
216,deepseek-coder:6.7b,qwen2.5:7b,llm4cc-clone_type-patch,llm4cc-clone_type-patch,defaultpatch,method,0.0005158142961629864
217,deepseek-coder:6.7b,qwen2.5:7b,llm4cc-clone_type-patch,llm4cc-integrated-patch,defaultpatch,method,0.0028730707404683864
218,deepseek-coder:6.7b,qwen2.5-coder:7b,llm4cc-clone_type-patch,llm4cc-clone_type-patch,defaultpatch,method,0.004168041140982348
219,deepseek-coder:6.7b,qwen2.5-coder:7b,llm4cc-clone_type-patch,llm4cc-integrated-patch,defaultpatch,method,0.00989502028474687
220,deepseek-coder:6.7b,yi-coder:9b,llm4cc-clone_type-patch,llm4cc-clone_type-patch,defaultpatch,method,0.010371018078817573
221,deepseek-coder:6.7b,yi-coder:9b,llm4cc-clone_type-patch,llm4cc-integrated-patch,defaultpatch,method,0.0010082507740083457
222,deepseek-coder:6.7b,hermes3:8b,llm4cc-clone_type-patch,llm4cc-clone_type-patch,defaultpatch,method,-0.016394325843356317
223,deepseek-coder:6.7b,hermes3:8b,llm4cc-clone_type-patch,llm4cc-integrated-patch,defaultpatch,method,-0.0075619105220010585
224,deepseek-coder:6.7b,codegemma:7b-instruct,llm4cc-integrated-patch,llm4cc-clone_type-patch,defaultpatch,defaultpatch,0.0018739618325712692
225,deepseek-coder:6.7b,codegemma:7b-instruct,llm4cc-integrated-patch,llm4cc-integrated-patch,defaultpatch,defaultpatch,-0.020731588990588357
226,deepseek-coder:6.7b,qwen2.5:7b,llm4cc-integrated-patch,llm4cc-clone_type-patch,defaultpatch,defaultpatch,0.01451140927330008
227,deepseek-coder:6.7b,qwen2.5:7b,llm4cc-integrated-patch,llm4cc-integrated-patch,defaultpatch,defaultpatch,0.010886879337013378
228,deepseek-coder:6.7b,qwen2.5-coder:7b,llm4cc-integrated-patch,llm4cc-clone_type-patch,defaultpatch,defaultpatch,0.0024158806740236516
229,deepseek-coder:6.7b,qwen2.5-coder:7b,llm4cc-integrated-patch,llm4cc-integrated-patch,defaultpatch,defaultpatch,-0.02299327820941577
230,deepseek-coder:6.7b,yi-coder:9b,llm4cc-integrated-patch,llm4cc-clone_type-patch,defaultpatch,defaultpatch,0.002821604690594448
231,deepseek-coder:6.7b,yi-coder:9b,llm4cc-integrated-patch,llm4cc-integrated-patch,defaultpatch,defaultpatch,-0.008944969433910765
232,deepseek-coder:6.7b,hermes3:8b,llm4cc-integrated-patch,llm4cc-clone_type-patch,defaultpatch,defaultpatch,0.005321318042358358
233,deepseek-coder:6.7b,hermes3:8b,llm4cc-integrated-patch,llm4cc-integrated-patch,defaultpatch,defaultpatch,-0.0013580985879659835
234,deepseek-coder:6.7b,magicoder:7b-s-cl,llm4cc-integrated-patch,llm4cc-clone_type-patch,defaultpatch,method,-0.0237563051001497
235,deepseek-coder:6.7b,magicoder:7b-s-cl,llm4cc-integrated-patch,llm4cc-integrated-patch,defaultpatch,method,0.010801254927453319
236,deepseek-coder:6.7b,codellama:7b-instruct,llm4cc-integrated-patch,llm4cc-clone_type-patch,defaultpatch,method,0.015564210801166323
237,deepseek-coder:6.7b,codellama:7b-instruct,llm4cc-integrated-patch,llm4cc-integrated-patch,defaultpatch,method,-0.007634642843093786
238,deepseek-coder:6.7b,codellama:13b-instruct,llm4cc-integrated-patch,llm4cc-clone_type-patch,defaultpatch,method,0.005905181489473832
239,deepseek-coder:6.7b,codellama:13b-instruct,llm4cc-integrated-patch,llm4cc-integrated-patch,defaultpatch,method,-0.016163855392363313
240,deepseek-coder:6.7b,deepseek-coder:6.7b,llm4cc-integrated-patch,llm4cc-clone_type-patch,defaultpatch,method,-0.003691612075482631
241,deepseek-coder:6.7b,deepseek-coder:6.7b,llm4cc-integrated-patch,llm4cc-integrated-patch,defaultpatch,method,0.016001895959236956
242,deepseek-coder:6.7b,codegemma:7b-instruct,llm4cc-integrated-patch,llm4cc-clone_type-patch,defaultpatch,method,-0.007274140571264631
243,deepseek-coder:6.7b,codegemma:7b-instruct,llm4cc-integrated-patch,llm4cc-integrated-patch,defaultpatch,method,0.009885694014463486
244,deepseek-coder:6.7b,qwen2.5:7b,llm4cc-integrated-patch,llm4cc-clone_type-patch,defaultpatch,method,-0.018402564657361342
245,deepseek-coder:6.7b,qwen2.5:7b,llm4cc-integrated-patch,llm4cc-integrated-patch,defaultpatch,method,-0.03088158942231134
246,deepseek-coder:6.7b,qwen2.5-coder:7b,llm4cc-integrated-patch,llm4cc-clone_type-patch,defaultpatch,method,0.004316292101920749
247,deepseek-coder:6.7b,qwen2.5-coder:7b,llm4cc-integrated-patch,llm4cc-integrated-patch,defaultpatch,method,0.0088163516265084
248,deepseek-coder:6.7b,yi-coder:9b,llm4cc-integrated-patch,llm4cc-clone_type-patch,defaultpatch,method,0.014162092999764342
249,deepseek-coder:6.7b,yi-coder:9b,llm4cc-integrated-patch,llm4cc-integrated-patch,defaultpatch,method,0.00840290001269528
250,deepseek-coder:6.7b,hermes3:8b,llm4cc-integrated-patch,llm4cc-clone_type-patch,defaultpatch,method,-0.0005769279235157132
251,deepseek-coder:6.7b,hermes3:8b,llm4cc-integrated-patch,llm4cc-integrated-patch,defaultpatch,method,0.0003176763308589958
252,codegemma:7b-instruct,codegemma:7b-instruct,llm4cc-clone_type-patch,llm4cc-integrated-patch,defaultpatch,defaultpatch,-0.016272299768604892
253,codegemma:7b-instruct,qwen2.5:7b,llm4cc-clone_type-patch,llm4cc-clone_type-patch,defaultpatch,defaultpatch,-0.004347077226816598
254,codegemma:7b-instruct,qwen2.5:7b,llm4cc-clone_type-patch,llm4cc-integrated-patch,defaultpatch,defaultpatch,0.012593079042733879
255,codegemma:7b-instruct,qwen2.5-coder:7b,llm4cc-clone_type-patch,llm4cc-clone_type-patch,defaultpatch,defaultpatch,0.003613495084778484
256,codegemma:7b-instruct,qwen2.5-coder:7b,llm4cc-clone_type-patch,llm4cc-integrated-patch,defaultpatch,defaultpatch,-0.051828490730644994
257,codegemma:7b-instruct,yi-coder:9b,llm4cc-clone_type-patch,llm4cc-clone_type-patch,defaultpatch,defaultpatch,-0.02871063703026633
258,codegemma:7b-instruct,yi-coder:9b,llm4cc-clone_type-patch,llm4cc-integrated-patch,defaultpatch,defaultpatch,0.03548367389138485
259,codegemma:7b-instruct,hermes3:8b,llm4cc-clone_type-patch,llm4cc-clone_type-patch,defaultpatch,defaultpatch,-0.041706287128206565
260,codegemma:7b-instruct,hermes3:8b,llm4cc-clone_type-patch,llm4cc-integrated-patch,defaultpatch,defaultpatch,-0.0012107677704054076
261,codegemma:7b-instruct,magicoder:7b-s-cl,llm4cc-clone_type-patch,llm4cc-clone_type-patch,defaultpatch,method,-0.09466907114705148
262,codegemma:7b-instruct,magicoder:7b-s-cl,llm4cc-clone_type-patch,llm4cc-integrated-patch,defaultpatch,method,-0.025733745144028708
263,codegemma:7b-instruct,codellama:7b-instruct,llm4cc-clone_type-patch,llm4cc-clone_type-patch,defaultpatch,method,-0.04708490211187111
264,codegemma:7b-instruct,codellama:7b-instruct,llm4cc-clone_type-patch,llm4cc-integrated-patch,defaultpatch,method,-0.02867560950439496
265,codegemma:7b-instruct,codellama:13b-instruct,llm4cc-clone_type-patch,llm4cc-clone_type-patch,defaultpatch,method,-0.0652224490557558
266,codegemma:7b-instruct,codellama:13b-instruct,llm4cc-clone_type-patch,llm4cc-integrated-patch,defaultpatch,method,-0.023697719782629578
267,codegemma:7b-instruct,deepseek-coder:6.7b,llm4cc-clone_type-patch,llm4cc-clone_type-patch,defaultpatch,method,-0.002289184769913799
268,codegemma:7b-instruct,deepseek-coder:6.7b,llm4cc-clone_type-patch,llm4cc-integrated-patch,defaultpatch,method,0.038299023270438104
269,codegemma:7b-instruct,codegemma:7b-instruct,llm4cc-clone_type-patch,llm4cc-clone_type-patch,defaultpatch,method,0.000989351354118706
270,codegemma:7b-instruct,codegemma:7b-instruct,llm4cc-clone_type-patch,llm4cc-integrated-patch,defaultpatch,method,0.009898152480099953
271,codegemma:7b-instruct,qwen2.5:7b,llm4cc-clone_type-patch,llm4cc-clone_type-patch,defaultpatch,method,-0.053418445107749735
272,codegemma:7b-instruct,qwen2.5:7b,llm4cc-clone_type-patch,llm4cc-integrated-patch,defaultpatch,method,-0.010282410724807622
273,codegemma:7b-instruct,qwen2.5-coder:7b,llm4cc-clone_type-patch,llm4cc-clone_type-patch,defaultpatch,method,0.0025586086493515348
274,codegemma:7b-instruct,qwen2.5-coder:7b,llm4cc-clone_type-patch,llm4cc-integrated-patch,defaultpatch,method,0.011392376731797937
275,codegemma:7b-instruct,yi-coder:9b,llm4cc-clone_type-patch,llm4cc-clone_type-patch,defaultpatch,method,-0.009712016285699843
276,codegemma:7b-instruct,yi-coder:9b,llm4cc-clone_type-patch,llm4cc-integrated-patch,defaultpatch,method,0.006828412777412973
277,codegemma:7b-instruct,hermes3:8b,llm4cc-clone_type-patch,llm4cc-clone_type-patch,defaultpatch,method,0.036363636363636376
278,codegemma:7b-instruct,hermes3:8b,llm4cc-clone_type-patch,llm4cc-integrated-patch,defaultpatch,method,-0.0023506488205604636
279,codegemma:7b-instruct,qwen2.5:7b,llm4cc-integrated-patch,llm4cc-clone_type-patch,defaultpatch,defaultpatch,-0.012412418908833267
280,codegemma:7b-instruct,qwen2.5:7b,llm4cc-integrated-patch,llm4cc-integrated-patch,defaultpatch,defaultpatch,0.007307488050982469
281,codegemma:7b-instruct,qwen2.5-coder:7b,llm4cc-integrated-patch,llm4cc-clone_type-patch,defaultpatch,defaultpatch,0.016778772084683702
282,codegemma:7b-instruct,qwen2.5-coder:7b,llm4cc-integrated-patch,llm4cc-integrated-patch,defaultpatch,defaultpatch,-0.0013925866223456485
283,codegemma:7b-instruct,yi-coder:9b,llm4cc-integrated-patch,llm4cc-clone_type-patch,defaultpatch,defaultpatch,0.0019076591025930512
284,codegemma:7b-instruct,yi-coder:9b,llm4cc-integrated-patch,llm4cc-integrated-patch,defaultpatch,defaultpatch,-0.02480628814574848
285,codegemma:7b-instruct,hermes3:8b,llm4cc-integrated-patch,llm4cc-clone_type-patch,defaultpatch,defaultpatch,-0.0012461133730192753
286,codegemma:7b-instruct,hermes3:8b,llm4cc-integrated-patch,llm4cc-integrated-patch,defaultpatch,defaultpatch,-0.008671514402571079
287,codegemma:7b-instruct,magicoder:7b-s-cl,llm4cc-integrated-patch,llm4cc-clone_type-patch,defaultpatch,method,0.04324898816992506
288,codegemma:7b-instruct,magicoder:7b-s-cl,llm4cc-integrated-patch,llm4cc-integrated-patch,defaultpatch,method,-0.004935804651440723
289,codegemma:7b-instruct,codellama:7b-instruct,llm4cc-integrated-patch,llm4cc-clone_type-patch,defaultpatch,method,0.009059896172139204
290,codegemma:7b-instruct,codellama:7b-instruct,llm4cc-integrated-patch,llm4cc-integrated-patch,defaultpatch,method,-0.03250946236607666
291,codegemma:7b-instruct,codellama:13b-instruct,llm4cc-integrated-patch,llm4cc-clone_type-patch,defaultpatch,method,0.01981375555213949
292,codegemma:7b-instruct,codellama:13b-instruct,llm4cc-integrated-patch,llm4cc-integrated-patch,defaultpatch,method,-0.01032743575374262
293,codegemma:7b-instruct,deepseek-coder:6.7b,llm4cc-integrated-patch,llm4cc-clone_type-patch,defaultpatch,method,0.005607760493233971
294,codegemma:7b-instruct,deepseek-coder:6.7b,llm4cc-integrated-patch,llm4cc-integrated-patch,defaultpatch,method,-0.033840958160155754
295,codegemma:7b-instruct,codegemma:7b-instruct,llm4cc-integrated-patch,llm4cc-clone_type-patch,defaultpatch,method,-0.000848156860333571
296,codegemma:7b-instruct,codegemma:7b-instruct,llm4cc-integrated-patch,llm4cc-integrated-patch,defaultpatch,method,-0.02531985691600247
297,codegemma:7b-instruct,qwen2.5:7b,llm4cc-integrated-patch,llm4cc-clone_type-patch,defaultpatch,method,0.014421041963503245
298,codegemma:7b-instruct,qwen2.5:7b,llm4cc-integrated-patch,llm4cc-integrated-patch,defaultpatch,method,-0.02606539093098381
299,codegemma:7b-instruct,qwen2.5-coder:7b,llm4cc-integrated-patch,llm4cc-clone_type-patch,defaultpatch,method,-9.415457041983544e-05
300,codegemma:7b-instruct,qwen2.5-coder:7b,llm4cc-integrated-patch,llm4cc-integrated-patch,defaultpatch,method,-0.026017372376555548
301,codegemma:7b-instruct,yi-coder:9b,llm4cc-integrated-patch,llm4cc-clone_type-patch,defaultpatch,method,0.025854723769635046
302,codegemma:7b-instruct,yi-coder:9b,llm4cc-integrated-patch,llm4cc-integrated-patch,defaultpatch,method,0.004367606033210403
303,codegemma:7b-instruct,hermes3:8b,llm4cc-integrated-patch,llm4cc-clone_type-patch,defaultpatch,method,-0.0009396324849537674
304,codegemma:7b-instruct,hermes3:8b,llm4cc-integrated-patch,llm4cc-integrated-patch,defaultpatch,method,-0.004704920028847814
305,qwen2.5:7b,qwen2.5:7b,llm4cc-clone_type-patch,llm4cc-integrated-patch,defaultpatch,defaultpatch,0.016899158114668578
306,qwen2.5:7b,qwen2.5-coder:7b,llm4cc-clone_type-patch,llm4cc-clone_type-patch,defaultpatch,defaultpatch,-0.004258730561259139
307,qwen2.5:7b,qwen2.5-coder:7b,llm4cc-clone_type-patch,llm4cc-integrated-patch,defaultpatch,defaultpatch,0.06009558226954348
308,qwen2.5:7b,yi-coder:9b,llm4cc-clone_type-patch,llm4cc-clone_type-patch,defaultpatch,defaultpatch,0.02021910056332832
309,qwen2.5:7b,yi-coder:9b,llm4cc-clone_type-patch,llm4cc-integrated-patch,defaultpatch,defaultpatch,-0.02545406129337957
310,qwen2.5:7b,hermes3:8b,llm4cc-clone_type-patch,llm4cc-clone_type-patch,defaultpatch,defaultpatch,-0.0042390682594424245
311,qwen2.5:7b,hermes3:8b,llm4cc-clone_type-patch,llm4cc-integrated-patch,defaultpatch,defaultpatch,-0.027428763651712984
312,qwen2.5:7b,magicoder:7b-s-cl,llm4cc-clone_type-patch,llm4cc-clone_type-patch,defaultpatch,method,0.11087265199059171
313,qwen2.5:7b,magicoder:7b-s-cl,llm4cc-clone_type-patch,llm4cc-integrated-patch,defaultpatch,method,-0.009184948512720004
314,qwen2.5:7b,codellama:7b-instruct,llm4cc-clone_type-patch,llm4cc-clone_type-patch,defaultpatch,method,0.03768006775842392
315,qwen2.5:7b,codellama:7b-instruct,llm4cc-clone_type-patch,llm4cc-integrated-patch,defaultpatch,method,-0.009418628524500372
316,qwen2.5:7b,codellama:13b-instruct,llm4cc-clone_type-patch,llm4cc-clone_type-patch,defaultpatch,method,0.08295588879303462
317,qwen2.5:7b,codellama:13b-instruct,llm4cc-clone_type-patch,llm4cc-integrated-patch,defaultpatch,method,0.042944928431102425
318,qwen2.5:7b,deepseek-coder:6.7b,llm4cc-clone_type-patch,llm4cc-clone_type-patch,defaultpatch,method,-0.01184230757155813
319,qwen2.5:7b,deepseek-coder:6.7b,llm4cc-clone_type-patch,llm4cc-integrated-patch,defaultpatch,method,-0.07633439135354014
320,qwen2.5:7b,codegemma:7b-instruct,llm4cc-clone_type-patch,llm4cc-clone_type-patch,defaultpatch,method,0.0023731379348420623
321,qwen2.5:7b,codegemma:7b-instruct,llm4cc-clone_type-patch,llm4cc-integrated-patch,defaultpatch,method,-0.02882961214290858
322,qwen2.5:7b,qwen2.5:7b,llm4cc-clone_type-patch,llm4cc-clone_type-patch,defaultpatch,method,0.060087312495074485
323,qwen2.5:7b,qwen2.5:7b,llm4cc-clone_type-patch,llm4cc-integrated-patch,defaultpatch,method,-0.019924332238483
324,qwen2.5:7b,qwen2.5-coder:7b,llm4cc-clone_type-patch,llm4cc-clone_type-patch,defaultpatch,method,-0.0018774638712248937
325,qwen2.5:7b,qwen2.5-coder:7b,llm4cc-clone_type-patch,llm4cc-integrated-patch,defaultpatch,method,-0.004614625811539819
326,qwen2.5:7b,yi-coder:9b,llm4cc-clone_type-patch,llm4cc-clone_type-patch,defaultpatch,method,-0.0006407696511649963
327,qwen2.5:7b,yi-coder:9b,llm4cc-clone_type-patch,llm4cc-integrated-patch,defaultpatch,method,-0.03316283233550865
328,qwen2.5:7b,hermes3:8b,llm4cc-clone_type-patch,llm4cc-clone_type-patch,defaultpatch,method,-0.0038416904713323152
329,qwen2.5:7b,hermes3:8b,llm4cc-clone_type-patch,llm4cc-integrated-patch,defaultpatch,method,-0.015127692303953832
330,qwen2.5:7b,qwen2.5-coder:7b,llm4cc-integrated-patch,llm4cc-clone_type-patch,defaultpatch,defaultpatch,0.03342970780934951
331,qwen2.5:7b,qwen2.5-coder:7b,llm4cc-integrated-patch,llm4cc-integrated-patch,defaultpatch,defaultpatch,0.0067779324822565545
332,qwen2.5:7b,yi-coder:9b,llm4cc-integrated-patch,llm4cc-clone_type-patch,defaultpatch,defaultpatch,0.0075848039490518104
333,qwen2.5:7b,yi-coder:9b,llm4cc-integrated-patch,llm4cc-integrated-patch,defaultpatch,defaultpatch,-0.010194945503599229
334,qwen2.5:7b,hermes3:8b,llm4cc-integrated-patch,llm4cc-clone_type-patch,defaultpatch,defaultpatch,-0.011361461689129992
335,qwen2.5:7b,hermes3:8b,llm4cc-integrated-patch,llm4cc-integrated-patch,defaultpatch,defaultpatch,-0.03484160470476527
336,qwen2.5:7b,magicoder:7b-s-cl,llm4cc-integrated-patch,llm4cc-clone_type-patch,defaultpatch,method,0.02168984882223135
337,qwen2.5:7b,magicoder:7b-s-cl,llm4cc-integrated-patch,llm4cc-integrated-patch,defaultpatch,method,0.00015075319244461927
338,qwen2.5:7b,codellama:7b-instruct,llm4cc-integrated-patch,llm4cc-clone_type-patch,defaultpatch,method,0.007463205663392425
339,qwen2.5:7b,codellama:7b-instruct,llm4cc-integrated-patch,llm4cc-integrated-patch,defaultpatch,method,-0.0129169898095991
340,qwen2.5:7b,codellama:13b-instruct,llm4cc-integrated-patch,llm4cc-clone_type-patch,defaultpatch,method,0.0006777457346972549
341,qwen2.5:7b,codellama:13b-instruct,llm4cc-integrated-patch,llm4cc-integrated-patch,defaultpatch,method,-0.01501340482573732
342,qwen2.5:7b,deepseek-coder:6.7b,llm4cc-integrated-patch,llm4cc-clone_type-patch,defaultpatch,method,-0.016954743163250185
343,qwen2.5:7b,deepseek-coder:6.7b,llm4cc-integrated-patch,llm4cc-integrated-patch,defaultpatch,method,-0.02615341473882249
344,qwen2.5:7b,codegemma:7b-instruct,llm4cc-integrated-patch,llm4cc-clone_type-patch,defaultpatch,method,0.007534849887722905
345,qwen2.5:7b,codegemma:7b-instruct,llm4cc-integrated-patch,llm4cc-integrated-patch,defaultpatch,method,-0.0005466327837795326
346,qwen2.5:7b,qwen2.5:7b,llm4cc-integrated-patch,llm4cc-clone_type-patch,defaultpatch,method,-0.0014835498907830313
347,qwen2.5:7b,qwen2.5:7b,llm4cc-integrated-patch,llm4cc-integrated-patch,defaultpatch,method,-0.015467033315788692
348,qwen2.5:7b,qwen2.5-coder:7b,llm4cc-integrated-patch,llm4cc-clone_type-patch,defaultpatch,method,0.0012780522784753279
349,qwen2.5:7b,qwen2.5-coder:7b,llm4cc-integrated-patch,llm4cc-integrated-patch,defaultpatch,method,0.006059374245753979
350,qwen2.5:7b,yi-coder:9b,llm4cc-integrated-patch,llm4cc-clone_type-patch,defaultpatch,method,0.014206120236315622
351,qwen2.5:7b,yi-coder:9b,llm4cc-integrated-patch,llm4cc-integrated-patch,defaultpatch,method,-0.01053777905896669
352,qwen2.5:7b,hermes3:8b,llm4cc-integrated-patch,llm4cc-clone_type-patch,defaultpatch,method,-0.023805975611154162
353,qwen2.5:7b,hermes3:8b,llm4cc-integrated-patch,llm4cc-integrated-patch,defaultpatch,method,-0.016279191854758235
354,qwen2.5-coder:7b,qwen2.5-coder:7b,llm4cc-clone_type-patch,llm4cc-integrated-patch,defaultpatch,defaultpatch,-0.13685129339915392
355,qwen2.5-coder:7b,yi-coder:9b,llm4cc-clone_type-patch,llm4cc-clone_type-patch,defaultpatch,defaultpatch,-0.02627108566769132
356,qwen2.5-coder:7b,yi-coder:9b,llm4cc-clone_type-patch,llm4cc-integrated-patch,defaultpatch,defaultpatch,-0.01847858637499966
357,qwen2.5-coder:7b,hermes3:8b,llm4cc-clone_type-patch,llm4cc-clone_type-patch,defaultpatch,defaultpatch,0.007433301341749687
358,qwen2.5-coder:7b,hermes3:8b,llm4cc-clone_type-patch,llm4cc-integrated-patch,defaultpatch,defaultpatch,0.023766118196796637
359,qwen2.5-coder:7b,magicoder:7b-s-cl,llm4cc-clone_type-patch,llm4cc-clone_type-patch,defaultpatch,method,-0.09939423584175366
360,qwen2.5-coder:7b,magicoder:7b-s-cl,llm4cc-clone_type-patch,llm4cc-integrated-patch,defaultpatch,method,-0.03542132607276316
361,qwen2.5-coder:7b,codellama:7b-instruct,llm4cc-clone_type-patch,llm4cc-clone_type-patch,defaultpatch,method,-0.09880140713538421
362,qwen2.5-coder:7b,codellama:7b-instruct,llm4cc-clone_type-patch,llm4cc-integrated-patch,defaultpatch,method,-0.08408776398883999
363,qwen2.5-coder:7b,codellama:13b-instruct,llm4cc-clone_type-patch,llm4cc-clone_type-patch,defaultpatch,method,-0.150353872677067
364,qwen2.5-coder:7b,codellama:13b-instruct,llm4cc-clone_type-patch,llm4cc-integrated-patch,defaultpatch,method,-0.13823470612676192
365,qwen2.5-coder:7b,deepseek-coder:6.7b,llm4cc-clone_type-patch,llm4cc-clone_type-patch,defaultpatch,method,0.10838177651045211
366,qwen2.5-coder:7b,deepseek-coder:6.7b,llm4cc-clone_type-patch,llm4cc-integrated-patch,defaultpatch,method,0.01862144473156091
367,qwen2.5-coder:7b,codegemma:7b-instruct,llm4cc-clone_type-patch,llm4cc-clone_type-patch,defaultpatch,method,0.10317860393474765
368,qwen2.5-coder:7b,codegemma:7b-instruct,llm4cc-clone_type-patch,llm4cc-integrated-patch,defaultpatch,method,0.040745633595023034
369,qwen2.5-coder:7b,qwen2.5:7b,llm4cc-clone_type-patch,llm4cc-clone_type-patch,defaultpatch,method,0.0030678750020474155
370,qwen2.5-coder:7b,qwen2.5:7b,llm4cc-clone_type-patch,llm4cc-integrated-patch,defaultpatch,method,0.03593880884861678
371,qwen2.5-coder:7b,qwen2.5-coder:7b,llm4cc-clone_type-patch,llm4cc-clone_type-patch,defaultpatch,method,0.034634131340621654
372,qwen2.5-coder:7b,qwen2.5-coder:7b,llm4cc-clone_type-patch,llm4cc-integrated-patch,defaultpatch,method,0.012970958478049854
373,qwen2.5-coder:7b,yi-coder:9b,llm4cc-clone_type-patch,llm4cc-clone_type-patch,defaultpatch,method,0.05162696325242344
374,qwen2.5-coder:7b,yi-coder:9b,llm4cc-clone_type-patch,llm4cc-integrated-patch,defaultpatch,method,0.042258255113340915
375,qwen2.5-coder:7b,hermes3:8b,llm4cc-clone_type-patch,llm4cc-clone_type-patch,defaultpatch,method,-0.00565490132313351
376,qwen2.5-coder:7b,hermes3:8b,llm4cc-clone_type-patch,llm4cc-integrated-patch,defaultpatch,method,-0.0347607392615048
377,qwen2.5-coder:7b,yi-coder:9b,llm4cc-integrated-patch,llm4cc-clone_type-patch,defaultpatch,defaultpatch,0.05297171932420541
378,qwen2.5-coder:7b,yi-coder:9b,llm4cc-integrated-patch,llm4cc-integrated-patch,defaultpatch,defaultpatch,-0.010943020822613114
379,qwen2.5-coder:7b,hermes3:8b,llm4cc-integrated-patch,llm4cc-clone_type-patch,defaultpatch,defaultpatch,-0.0003506609153987039
380,qwen2.5-coder:7b,hermes3:8b,llm4cc-integrated-patch,llm4cc-integrated-patch,defaultpatch,defaultpatch,-0.02350417515944514
381,qwen2.5-coder:7b,magicoder:7b-s-cl,llm4cc-integrated-patch,llm4cc-clone_type-patch,defaultpatch,method,0.2941052054864336
382,qwen2.5-coder:7b,magicoder:7b-s-cl,llm4cc-integrated-patch,llm4cc-integrated-patch,defaultpatch,method,0.07312384577962716
383,qwen2.5-coder:7b,codellama:7b-instruct,llm4cc-integrated-patch,llm4cc-clone_type-patch,defaultpatch,method,0.07756144985518754
384,qwen2.5-coder:7b,codellama:7b-instruct,llm4cc-integrated-patch,llm4cc-integrated-patch,defaultpatch,method,0.033079577252054904
385,qwen2.5-coder:7b,codellama:13b-instruct,llm4cc-integrated-patch,llm4cc-clone_type-patch,defaultpatch,method,0.23005511379028531
386,qwen2.5-coder:7b,codellama:13b-instruct,llm4cc-integrated-patch,llm4cc-integrated-patch,defaultpatch,method,0.13953867605700376
387,qwen2.5-coder:7b,deepseek-coder:6.7b,llm4cc-integrated-patch,llm4cc-clone_type-patch,defaultpatch,method,-0.050454978157155495
388,qwen2.5-coder:7b,deepseek-coder:6.7b,llm4cc-integrated-patch,llm4cc-integrated-patch,defaultpatch,method,-0.14939073867710295
389,qwen2.5-coder:7b,codegemma:7b-instruct,llm4cc-integrated-patch,llm4cc-clone_type-patch,defaultpatch,method,-0.002861702255450016
390,qwen2.5-coder:7b,codegemma:7b-instruct,llm4cc-integrated-patch,llm4cc-integrated-patch,defaultpatch,method,-0.056237695329218296
391,qwen2.5-coder:7b,qwen2.5:7b,llm4cc-integrated-patch,llm4cc-clone_type-patch,defaultpatch,method,0.16764000504432197
392,qwen2.5-coder:7b,qwen2.5:7b,llm4cc-integrated-patch,llm4cc-integrated-patch,defaultpatch,method,-0.044274660534178834
393,qwen2.5-coder:7b,qwen2.5-coder:7b,llm4cc-integrated-patch,llm4cc-clone_type-patch,defaultpatch,method,-0.006725657119159623
394,qwen2.5-coder:7b,qwen2.5-coder:7b,llm4cc-integrated-patch,llm4cc-integrated-patch,defaultpatch,method,-0.015906039590039667
395,qwen2.5-coder:7b,yi-coder:9b,llm4cc-integrated-patch,llm4cc-clone_type-patch,defaultpatch,method,-0.02648044638383351
396,qwen2.5-coder:7b,yi-coder:9b,llm4cc-integrated-patch,llm4cc-integrated-patch,defaultpatch,method,-0.08253775151391873
397,qwen2.5-coder:7b,hermes3:8b,llm4cc-integrated-patch,llm4cc-clone_type-patch,defaultpatch,method,0.0015908426583370883
398,qwen2.5-coder:7b,hermes3:8b,llm4cc-integrated-patch,llm4cc-integrated-patch,defaultpatch,method,-0.009329671355196467
399,yi-coder:9b,yi-coder:9b,llm4cc-clone_type-patch,llm4cc-integrated-patch,defaultpatch,defaultpatch,-0.013049854225708701
400,yi-coder:9b,hermes3:8b,llm4cc-clone_type-patch,llm4cc-clone_type-patch,defaultpatch,defaultpatch,0.004583435357492505
401,yi-coder:9b,hermes3:8b,llm4cc-clone_type-patch,llm4cc-integrated-patch,defaultpatch,defaultpatch,0.007831388801975536
402,yi-coder:9b,magicoder:7b-s-cl,llm4cc-clone_type-patch,llm4cc-clone_type-patch,defaultpatch,method,0.023051183678226783
403,yi-coder:9b,magicoder:7b-s-cl,llm4cc-clone_type-patch,llm4cc-integrated-patch,defaultpatch,method,-0.016045613682429405
404,yi-coder:9b,codellama:7b-instruct,llm4cc-clone_type-patch,llm4cc-clone_type-patch,defaultpatch,method,-0.009370819185982038
405,yi-coder:9b,codellama:7b-instruct,llm4cc-clone_type-patch,llm4cc-integrated-patch,defaultpatch,method,0.021637350671701583
406,yi-coder:9b,codellama:13b-instruct,llm4cc-clone_type-patch,llm4cc-clone_type-patch,defaultpatch,method,0.022634350907619227
407,yi-coder:9b,codellama:13b-instruct,llm4cc-clone_type-patch,llm4cc-integrated-patch,defaultpatch,method,0.009209411922551203
408,yi-coder:9b,deepseek-coder:6.7b,llm4cc-clone_type-patch,llm4cc-clone_type-patch,defaultpatch,method,-0.012711977101750094
409,yi-coder:9b,deepseek-coder:6.7b,llm4cc-clone_type-patch,llm4cc-integrated-patch,defaultpatch,method,-0.01359577709663018
410,yi-coder:9b,codegemma:7b-instruct,llm4cc-clone_type-patch,llm4cc-clone_type-patch,defaultpatch,method,0.00784434241366505
411,yi-coder:9b,codegemma:7b-instruct,llm4cc-clone_type-patch,llm4cc-integrated-patch,defaultpatch,method,0.009319292166903304
412,yi-coder:9b,qwen2.5:7b,llm4cc-clone_type-patch,llm4cc-clone_type-patch,defaultpatch,method,0.01967658485380297
413,yi-coder:9b,qwen2.5:7b,llm4cc-clone_type-patch,llm4cc-integrated-patch,defaultpatch,method,-0.0024217038422473802
414,yi-coder:9b,qwen2.5-coder:7b,llm4cc-clone_type-patch,llm4cc-clone_type-patch,defaultpatch,method,-0.0005953408349355094
415,yi-coder:9b,qwen2.5-coder:7b,llm4cc-clone_type-patch,llm4cc-integrated-patch,defaultpatch,method,0.00013144380595986327
416,yi-coder:9b,yi-coder:9b,llm4cc-clone_type-patch,llm4cc-clone_type-patch,defaultpatch,method,0.002317019967454481
417,yi-coder:9b,yi-coder:9b,llm4cc-clone_type-patch,llm4cc-integrated-patch,defaultpatch,method,-0.014421714875100466
418,yi-coder:9b,hermes3:8b,llm4cc-clone_type-patch,llm4cc-clone_type-patch,defaultpatch,method,-0.0004233084855269631
419,yi-coder:9b,hermes3:8b,llm4cc-clone_type-patch,llm4cc-integrated-patch,defaultpatch,method,0.012321599435526132
420,yi-coder:9b,hermes3:8b,llm4cc-integrated-patch,llm4cc-clone_type-patch,defaultpatch,defaultpatch,0.011326965083493401
421,yi-coder:9b,hermes3:8b,llm4cc-integrated-patch,llm4cc-integrated-patch,defaultpatch,defaultpatch,-0.006211549244097947
422,yi-coder:9b,magicoder:7b-s-cl,llm4cc-integrated-patch,llm4cc-clone_type-patch,defaultpatch,method,-0.06574490434818592
423,yi-coder:9b,magicoder:7b-s-cl,llm4cc-integrated-patch,llm4cc-integrated-patch,defaultpatch,method,-0.020992766694433396
424,yi-coder:9b,codellama:7b-instruct,llm4cc-integrated-patch,llm4cc-clone_type-patch,defaultpatch,method,-0.016210159480773534
425,yi-coder:9b,codellama:7b-instruct,llm4cc-integrated-patch,llm4cc-integrated-patch,defaultpatch,method,0.0020043307347007433
426,yi-coder:9b,codellama:13b-instruct,llm4cc-integrated-patch,llm4cc-clone_type-patch,defaultpatch,method,-0.00634780274439839
427,yi-coder:9b,codellama:13b-instruct,llm4cc-integrated-patch,llm4cc-integrated-patch,defaultpatch,method,-0.023389354347024938
428,yi-coder:9b,deepseek-coder:6.7b,llm4cc-integrated-patch,llm4cc-clone_type-patch,defaultpatch,method,0.008497481186124811
429,yi-coder:9b,deepseek-coder:6.7b,llm4cc-integrated-patch,llm4cc-integrated-patch,defaultpatch,method,0.03799954357746271
430,yi-coder:9b,codegemma:7b-instruct,llm4cc-integrated-patch,llm4cc-clone_type-patch,defaultpatch,method,-0.0008087834063215116
431,yi-coder:9b,codegemma:7b-instruct,llm4cc-integrated-patch,llm4cc-integrated-patch,defaultpatch,method,-0.004758247316460906
432,yi-coder:9b,qwen2.5:7b,llm4cc-integrated-patch,llm4cc-clone_type-patch,defaultpatch,method,-0.05045676557060763
433,yi-coder:9b,qwen2.5:7b,llm4cc-integrated-patch,llm4cc-integrated-patch,defaultpatch,method,-0.00037214982065569835
434,yi-coder:9b,qwen2.5-coder:7b,llm4cc-integrated-patch,llm4cc-clone_type-patch,defaultpatch,method,0.0008159361541589805
435,yi-coder:9b,qwen2.5-coder:7b,llm4cc-integrated-patch,llm4cc-integrated-patch,defaultpatch,method,0.015772732057613315
436,yi-coder:9b,yi-coder:9b,llm4cc-integrated-patch,llm4cc-clone_type-patch,defaultpatch,method,0.010755454001823206
437,yi-coder:9b,yi-coder:9b,llm4cc-integrated-patch,llm4cc-integrated-patch,defaultpatch,method,-0.011276583812023233
438,yi-coder:9b,hermes3:8b,llm4cc-integrated-patch,llm4cc-clone_type-patch,defaultpatch,method,0.0015951899356219101
439,yi-coder:9b,hermes3:8b,llm4cc-integrated-patch,llm4cc-integrated-patch,defaultpatch,method,0.01827469403157511
440,hermes3:8b,hermes3:8b,llm4cc-clone_type-patch,llm4cc-integrated-patch,defaultpatch,defaultpatch,0.006496780214318765
441,hermes3:8b,magicoder:7b-s-cl,llm4cc-clone_type-patch,llm4cc-clone_type-patch,defaultpatch,method,-0.007195068149925987
442,hermes3:8b,magicoder:7b-s-cl,llm4cc-clone_type-patch,llm4cc-integrated-patch,defaultpatch,method,-0.010414064097031384
443,hermes3:8b,codellama:7b-instruct,llm4cc-clone_type-patch,llm4cc-clone_type-patch,defaultpatch,method,-0.018196681785485502
444,hermes3:8b,codellama:7b-instruct,llm4cc-clone_type-patch,llm4cc-integrated-patch,defaultpatch,method,-0.01651470186395332
445,hermes3:8b,codellama:13b-instruct,llm4cc-clone_type-patch,llm4cc-clone_type-patch,defaultpatch,method,-0.003502776257644946
446,hermes3:8b,codellama:13b-instruct,llm4cc-clone_type-patch,llm4cc-integrated-patch,defaultpatch,method,-0.012258546601784603
447,hermes3:8b,deepseek-coder:6.7b,llm4cc-clone_type-patch,llm4cc-clone_type-patch,defaultpatch,method,0.0016445665309808843
448,hermes3:8b,deepseek-coder:6.7b,llm4cc-clone_type-patch,llm4cc-integrated-patch,defaultpatch,method,-0.0036636295950351894
449,hermes3:8b,codegemma:7b-instruct,llm4cc-clone_type-patch,llm4cc-clone_type-patch,defaultpatch,method,2.1849776361104745e-05
450,hermes3:8b,codegemma:7b-instruct,llm4cc-clone_type-patch,llm4cc-integrated-patch,defaultpatch,method,0.003030869395155622
451,hermes3:8b,qwen2.5:7b,llm4cc-clone_type-patch,llm4cc-clone_type-patch,defaultpatch,method,-0.0055943269170313226
452,hermes3:8b,qwen2.5:7b,llm4cc-clone_type-patch,llm4cc-integrated-patch,defaultpatch,method,-0.0015921046952702689
453,hermes3:8b,qwen2.5-coder:7b,llm4cc-clone_type-patch,llm4cc-clone_type-patch,defaultpatch,method,0.00012383556658579487
454,hermes3:8b,qwen2.5-coder:7b,llm4cc-clone_type-patch,llm4cc-integrated-patch,defaultpatch,method,0.0028812724694452507
455,hermes3:8b,yi-coder:9b,llm4cc-clone_type-patch,llm4cc-clone_type-patch,defaultpatch,method,-0.01138737880344709
456,hermes3:8b,yi-coder:9b,llm4cc-clone_type-patch,llm4cc-integrated-patch,defaultpatch,method,-0.005038544275243417
457,hermes3:8b,hermes3:8b,llm4cc-clone_type-patch,llm4cc-clone_type-patch,defaultpatch,method,0.007463736034792667
458,hermes3:8b,hermes3:8b,llm4cc-clone_type-patch,llm4cc-integrated-patch,defaultpatch,method,-0.008457146732073761
459,hermes3:8b,magicoder:7b-s-cl,llm4cc-integrated-patch,llm4cc-clone_type-patch,defaultpatch,method,-0.01715272907937604
460,hermes3:8b,magicoder:7b-s-cl,llm4cc-integrated-patch,llm4cc-integrated-patch,defaultpatch,method,0.0052254933219966215
461,hermes3:8b,codellama:7b-instruct,llm4cc-integrated-patch,llm4cc-clone_type-patch,defaultpatch,method,-0.012100721683401261
462,hermes3:8b,codellama:7b-instruct,llm4cc-integrated-patch,llm4cc-integrated-patch,defaultpatch,method,0.017058151968471713
463,hermes3:8b,codellama:13b-instruct,llm4cc-integrated-patch,llm4cc-clone_type-patch,defaultpatch,method,-0.007639622050920281
464,hermes3:8b,codellama:13b-instruct,llm4cc-integrated-patch,llm4cc-integrated-patch,defaultpatch,method,-0.0019305460360976578
465,hermes3:8b,deepseek-coder:6.7b,llm4cc-integrated-patch,llm4cc-clone_type-patch,defaultpatch,method,0.02316712268275456
466,hermes3:8b,deepseek-coder:6.7b,llm4cc-integrated-patch,llm4cc-integrated-patch,defaultpatch,method,0.041667974932464436
467,hermes3:8b,codegemma:7b-instruct,llm4cc-integrated-patch,llm4cc-clone_type-patch,defaultpatch,method,0.014832162373145996
468,hermes3:8b,codegemma:7b-instruct,llm4cc-integrated-patch,llm4cc-integrated-patch,defaultpatch,method,0.008196864918168956
469,hermes3:8b,qwen2.5:7b,llm4cc-integrated-patch,llm4cc-clone_type-patch,defaultpatch,method,-0.008236548439832347
470,hermes3:8b,qwen2.5:7b,llm4cc-integrated-patch,llm4cc-integrated-patch,defaultpatch,method,0.042192279384826836
471,hermes3:8b,qwen2.5-coder:7b,llm4cc-integrated-patch,llm4cc-clone_type-patch,defaultpatch,method,0.0016209707917899108
472,hermes3:8b,qwen2.5-coder:7b,llm4cc-integrated-patch,llm4cc-integrated-patch,defaultpatch,method,-0.005568872185560458
473,hermes3:8b,yi-coder:9b,llm4cc-integrated-patch,llm4cc-clone_type-patch,defaultpatch,method,-0.0032978443439493077
474,hermes3:8b,yi-coder:9b,llm4cc-integrated-patch,llm4cc-integrated-patch,defaultpatch,method,0.0545151269011247
475,hermes3:8b,hermes3:8b,llm4cc-integrated-patch,llm4cc-clone_type-patch,defaultpatch,method,0.011965573364184467
476,hermes3:8b,hermes3:8b,llm4cc-integrated-patch,llm4cc-integrated-patch,defaultpatch,method,-0.009905241022286404
477,magicoder:7b-s-cl,magicoder:7b-s-cl,llm4cc-clone_type-patch,llm4cc-integrated-patch,method,method,0.11382145798820942
478,magicoder:7b-s-cl,codellama:7b-instruct,llm4cc-clone_type-patch,llm4cc-clone_type-patch,method,method,0.1619534824935175
479,magicoder:7b-s-cl,codellama:7b-instruct,llm4cc-clone_type-patch,llm4cc-integrated-patch,method,method,-0.00883238117363816
480,magicoder:7b-s-cl,codellama:13b-instruct,llm4cc-clone_type-patch,llm4cc-clone_type-patch,method,method,0.3566477810006178
481,magicoder:7b-s-cl,codellama:13b-instruct,llm4cc-clone_type-patch,llm4cc-integrated-patch,method,method,0.17212501730148067
482,magicoder:7b-s-cl,deepseek-coder:6.7b,llm4cc-clone_type-patch,llm4cc-clone_type-patch,method,method,-0.06989576294698052
483,magicoder:7b-s-cl,deepseek-coder:6.7b,llm4cc-clone_type-patch,llm4cc-integrated-patch,method,method,-0.25168707517629385
484,magicoder:7b-s-cl,codegemma:7b-instruct,llm4cc-clone_type-patch,llm4cc-clone_type-patch,method,method,-0.01225506322010328
485,magicoder:7b-s-cl,codegemma:7b-instruct,llm4cc-clone_type-patch,llm4cc-integrated-patch,method,method,-0.10460449297644092
486,magicoder:7b-s-cl,qwen2.5:7b,llm4cc-clone_type-patch,llm4cc-clone_type-patch,method,method,0.26890615456088585
487,magicoder:7b-s-cl,qwen2.5:7b,llm4cc-clone_type-patch,llm4cc-integrated-patch,method,method,-0.09138430059198499
488,magicoder:7b-s-cl,qwen2.5-coder:7b,llm4cc-clone_type-patch,llm4cc-clone_type-patch,method,method,-0.010012390895623335
489,magicoder:7b-s-cl,qwen2.5-coder:7b,llm4cc-clone_type-patch,llm4cc-integrated-patch,method,method,-0.010180913447639162
490,magicoder:7b-s-cl,yi-coder:9b,llm4cc-clone_type-patch,llm4cc-clone_type-patch,method,method,-0.059153751739301486
491,magicoder:7b-s-cl,yi-coder:9b,llm4cc-clone_type-patch,llm4cc-integrated-patch,method,method,-0.1605499957778187
492,magicoder:7b-s-cl,hermes3:8b,llm4cc-clone_type-patch,llm4cc-clone_type-patch,method,method,-0.011882301361494596
493,magicoder:7b-s-cl,hermes3:8b,llm4cc-clone_type-patch,llm4cc-integrated-patch,method,method,-0.02291667972804845
494,magicoder:7b-s-cl,codellama:7b-instruct,llm4cc-integrated-patch,llm4cc-clone_type-patch,method,method,0.04308086698288616
495,magicoder:7b-s-cl,codellama:7b-instruct,llm4cc-integrated-patch,llm4cc-integrated-patch,method,method,0.0008794481077400995
496,magicoder:7b-s-cl,codellama:13b-instruct,llm4cc-integrated-patch,llm4cc-clone_type-patch,method,method,0.09585486292910794
497,magicoder:7b-s-cl,codellama:13b-instruct,llm4cc-integrated-patch,llm4cc-integrated-patch,method,method,0.054334779696683655
498,magicoder:7b-s-cl,deepseek-coder:6.7b,llm4cc-integrated-patch,llm4cc-clone_type-patch,method,method,-0.020522941450376253
499,magicoder:7b-s-cl,deepseek-coder:6.7b,llm4cc-integrated-patch,llm4cc-integrated-patch,method,method,-0.04659629197531734
500,magicoder:7b-s-cl,codegemma:7b-instruct,llm4cc-integrated-patch,llm4cc-clone_type-patch,method,method,-0.007684156048993307
501,magicoder:7b-s-cl,codegemma:7b-instruct,llm4cc-integrated-patch,llm4cc-integrated-patch,method,method,-0.02898378933072787
502,magicoder:7b-s-cl,qwen2.5:7b,llm4cc-integrated-patch,llm4cc-clone_type-patch,method,method,0.05209094600081199
503,magicoder:7b-s-cl,qwen2.5:7b,llm4cc-integrated-patch,llm4cc-integrated-patch,method,method,-0.029466125120608977
504,magicoder:7b-s-cl,qwen2.5-coder:7b,llm4cc-integrated-patch,llm4cc-clone_type-patch,method,method,-0.004315181232668941
505,magicoder:7b-s-cl,qwen2.5-coder:7b,llm4cc-integrated-patch,llm4cc-integrated-patch,method,method,-0.02709969866330142
506,magicoder:7b-s-cl,yi-coder:9b,llm4cc-integrated-patch,llm4cc-clone_type-patch,method,method,-0.018729243820057695
507,magicoder:7b-s-cl,yi-coder:9b,llm4cc-integrated-patch,llm4cc-integrated-patch,method,method,-0.02651700016268088
508,magicoder:7b-s-cl,hermes3:8b,llm4cc-integrated-patch,llm4cc-clone_type-patch,method,method,-0.013819533323210287
509,magicoder:7b-s-cl,hermes3:8b,llm4cc-integrated-patch,llm4cc-integrated-patch,method,method,0.003146434260587805
510,codellama:7b-instruct,codellama:7b-instruct,llm4cc-clone_type-patch,llm4cc-integrated-patch,method,method,0.06445511934358539
511,codellama:7b-instruct,codellama:13b-instruct,llm4cc-clone_type-patch,llm4cc-clone_type-patch,method,method,0.1443084216901711
512,codellama:7b-instruct,codellama:13b-instruct,llm4cc-clone_type-patch,llm4cc-integrated-patch,method,method,0.07736882157148883
513,codellama:7b-instruct,deepseek-coder:6.7b,llm4cc-clone_type-patch,llm4cc-clone_type-patch,method,method,0.003197538100820574
514,codellama:7b-instruct,deepseek-coder:6.7b,llm4cc-clone_type-patch,llm4cc-integrated-patch,method,method,-0.09721203126600741
515,codellama:7b-instruct,codegemma:7b-instruct,llm4cc-clone_type-patch,llm4cc-clone_type-patch,method,method,-0.01545119445018317
516,codellama:7b-instruct,codegemma:7b-instruct,llm4cc-clone_type-patch,llm4cc-integrated-patch,method,method,-0.07917345370242979
517,codellama:7b-instruct,qwen2.5:7b,llm4cc-clone_type-patch,llm4cc-clone_type-patch,method,method,0.06232005201077373
518,codellama:7b-instruct,qwen2.5:7b,llm4cc-clone_type-patch,llm4cc-integrated-patch,method,method,-0.04002516161626124
519,codellama:7b-instruct,qwen2.5-coder:7b,llm4cc-clone_type-patch,llm4cc-clone_type-patch,method,method,-0.0022885265875756122
520,codellama:7b-instruct,qwen2.5-coder:7b,llm4cc-clone_type-patch,llm4cc-integrated-patch,method,method,-0.01571611468301426
521,codellama:7b-instruct,yi-coder:9b,llm4cc-clone_type-patch,llm4cc-clone_type-patch,method,method,0.020305068314702024
522,codellama:7b-instruct,yi-coder:9b,llm4cc-clone_type-patch,llm4cc-integrated-patch,method,method,-0.058821118268606476
523,codellama:7b-instruct,hermes3:8b,llm4cc-clone_type-patch,llm4cc-clone_type-patch,method,method,-0.00543482324758382
524,codellama:7b-instruct,hermes3:8b,llm4cc-clone_type-patch,llm4cc-integrated-patch,method,method,0.002849554138073307
525,codellama:7b-instruct,codellama:13b-instruct,llm4cc-integrated-patch,llm4cc-clone_type-patch,method,method,0.00018274525628181326
526,codellama:7b-instruct,codellama:13b-instruct,llm4cc-integrated-patch,llm4cc-integrated-patch,method,method,0.07156058012631317
527,codellama:7b-instruct,deepseek-coder:6.7b,llm4cc-integrated-patch,llm4cc-clone_type-patch,method,method,0.03908025757813727
528,codellama:7b-instruct,deepseek-coder:6.7b,llm4cc-integrated-patch,llm4cc-integrated-patch,method,method,0.014211678104814274
529,codellama:7b-instruct,codegemma:7b-instruct,llm4cc-integrated-patch,llm4cc-clone_type-patch,method,method,-0.019380794305100313
530,codellama:7b-instruct,codegemma:7b-instruct,llm4cc-integrated-patch,llm4cc-integrated-patch,method,method,-0.015623030249008574
531,codellama:7b-instruct,qwen2.5:7b,llm4cc-integrated-patch,llm4cc-clone_type-patch,method,method,-0.03657373566316835
532,codellama:7b-instruct,qwen2.5:7b,llm4cc-integrated-patch,llm4cc-integrated-patch,method,method,0.0398013811810507
533,codellama:7b-instruct,qwen2.5-coder:7b,llm4cc-integrated-patch,llm4cc-clone_type-patch,method,method,0.0072878253256573045
534,codellama:7b-instruct,qwen2.5-coder:7b,llm4cc-integrated-patch,llm4cc-integrated-patch,method,method,0.016199384377856285
535,codellama:7b-instruct,yi-coder:9b,llm4cc-integrated-patch,llm4cc-clone_type-patch,method,method,0.020377611311012456
536,codellama:7b-instruct,yi-coder:9b,llm4cc-integrated-patch,llm4cc-integrated-patch,method,method,0.006173259692369926
537,codellama:7b-instruct,hermes3:8b,llm4cc-integrated-patch,llm4cc-clone_type-patch,method,method,-0.001389132940299076
538,codellama:7b-instruct,hermes3:8b,llm4cc-integrated-patch,llm4cc-integrated-patch,method,method,0.01543239688825826
539,codellama:13b-instruct,codellama:13b-instruct,llm4cc-clone_type-patch,llm4cc-integrated-patch,method,method,0.18425264713124856
540,codellama:13b-instruct,deepseek-coder:6.7b,llm4cc-clone_type-patch,llm4cc-clone_type-patch,method,method,-0.08065787905200494
541,codellama:13b-instruct,deepseek-coder:6.7b,llm4cc-clone_type-patch,llm4cc-integrated-patch,method,method,-0.22710610077509896
542,codellama:13b-instruct,codegemma:7b-instruct,llm4cc-clone_type-patch,llm4cc-clone_type-patch,method,method,-0.007522737543623537
543,codellama:13b-instruct,codegemma:7b-instruct,llm4cc-clone_type-patch,llm4cc-integrated-patch,method,method,-0.0963621661717764
544,codellama:13b-instruct,qwen2.5:7b,llm4cc-clone_type-patch,llm4cc-clone_type-patch,method,method,0.19744163438110718
545,codellama:13b-instruct,qwen2.5:7b,llm4cc-clone_type-patch,llm4cc-integrated-patch,method,method,-0.07959361317168567
546,codellama:13b-instruct,qwen2.5-coder:7b,llm4cc-clone_type-patch,llm4cc-clone_type-patch,method,method,-0.0018952126455613616
547,codellama:13b-instruct,qwen2.5-coder:7b,llm4cc-clone_type-patch,llm4cc-integrated-patch,method,method,0.007496846675810187
548,codellama:13b-instruct,yi-coder:9b,llm4cc-clone_type-patch,llm4cc-clone_type-patch,method,method,-0.0695178136124488
549,codellama:13b-instruct,yi-coder:9b,llm4cc-clone_type-patch,llm4cc-integrated-patch,method,method,-0.1433173113219417
550,codellama:13b-instruct,hermes3:8b,llm4cc-clone_type-patch,llm4cc-clone_type-patch,method,method,-0.009261344200118815
551,codellama:13b-instruct,hermes3:8b,llm4cc-clone_type-patch,llm4cc-integrated-patch,method,method,-0.0010734392859454989
552,codellama:13b-instruct,deepseek-coder:6.7b,llm4cc-integrated-patch,llm4cc-clone_type-patch,method,method,-0.031676541032248595
553,codellama:13b-instruct,deepseek-coder:6.7b,llm4cc-integrated-patch,llm4cc-integrated-patch,method,method,-0.07740900421849206
554,codellama:13b-instruct,codegemma:7b-instruct,llm4cc-integrated-patch,llm4cc-clone_type-patch,method,method,-0.02214870457354534
555,codellama:13b-instruct,codegemma:7b-instruct,llm4cc-integrated-patch,llm4cc-integrated-patch,method,method,-0.04978244177117985
556,codellama:13b-instruct,qwen2.5:7b,llm4cc-integrated-patch,llm4cc-clone_type-patch,method,method,0.03614502962920574
557,codellama:13b-instruct,qwen2.5:7b,llm4cc-integrated-patch,llm4cc-integrated-patch,method,method,-0.008055582767533487
558,codellama:13b-instruct,qwen2.5-coder:7b,llm4cc-integrated-patch,llm4cc-clone_type-patch,method,method,-0.0057864858297806965
559,codellama:13b-instruct,qwen2.5-coder:7b,llm4cc-integrated-patch,llm4cc-integrated-patch,method,method,0.013904225192217456
560,codellama:13b-instruct,yi-coder:9b,llm4cc-integrated-patch,llm4cc-clone_type-patch,method,method,0.012091024586409427
561,codellama:13b-instruct,yi-coder:9b,llm4cc-integrated-patch,llm4cc-integrated-patch,method,method,-0.03611988890267259
562,codellama:13b-instruct,hermes3:8b,llm4cc-integrated-patch,llm4cc-clone_type-patch,method,method,-0.009009071264745927
563,codellama:13b-instruct,hermes3:8b,llm4cc-integrated-patch,llm4cc-integrated-patch,method,method,0.013232093244229803
564,deepseek-coder:6.7b,deepseek-coder:6.7b,llm4cc-clone_type-patch,llm4cc-integrated-patch,method,method,0.18694937093411845
565,deepseek-coder:6.7b,codegemma:7b-instruct,llm4cc-clone_type-patch,llm4cc-clone_type-patch,method,method,0.02817764337547135
566,deepseek-coder:6.7b,codegemma:7b-instruct,llm4cc-clone_type-patch,llm4cc-integrated-patch,method,method,0.0259951044003649
567,deepseek-coder:6.7b,qwen2.5:7b,llm4cc-clone_type-patch,llm4cc-clone_type-patch,method,method,-0.06660661055806627
568,deepseek-coder:6.7b,qwen2.5:7b,llm4cc-clone_type-patch,llm4cc-integrated-patch,method,method,0.03911622726722608
569,deepseek-coder:6.7b,qwen2.5-coder:7b,llm4cc-clone_type-patch,llm4cc-clone_type-patch,method,method,0.037669666005795244
570,deepseek-coder:6.7b,qwen2.5-coder:7b,llm4cc-clone_type-patch,llm4cc-integrated-patch,method,method,0.004476242891212512
571,deepseek-coder:6.7b,yi-coder:9b,llm4cc-clone_type-patch,llm4cc-clone_type-patch,method,method,0.057164536275024935
572,deepseek-coder:6.7b,yi-coder:9b,llm4cc-clone_type-patch,llm4cc-integrated-patch,method,method,0.061010071026416535
573,deepseek-coder:6.7b,hermes3:8b,llm4cc-clone_type-patch,llm4cc-clone_type-patch,method,method,-0.0016744675435320655
574,deepseek-coder:6.7b,hermes3:8b,llm4cc-clone_type-patch,llm4cc-integrated-patch,method,method,0.008891439883968011
575,deepseek-coder:6.7b,codegemma:7b-instruct,llm4cc-integrated-patch,llm4cc-clone_type-patch,method,method,-0.011797961104438759
576,deepseek-coder:6.7b,codegemma:7b-instruct,llm4cc-integrated-patch,llm4cc-integrated-patch,method,method,0.20847761038010737
577,deepseek-coder:6.7b,qwen2.5:7b,llm4cc-integrated-patch,llm4cc-clone_type-patch,method,method,-0.2229511077637607
578,deepseek-coder:6.7b,qwen2.5:7b,llm4cc-integrated-patch,llm4cc-integrated-patch,method,method,0.11425268328054561
579,deepseek-coder:6.7b,qwen2.5-coder:7b,llm4cc-integrated-patch,llm4cc-clone_type-patch,method,method,0.011905783937665393
580,deepseek-coder:6.7b,qwen2.5-coder:7b,llm4cc-integrated-patch,llm4cc-integrated-patch,method,method,-0.01024716019200378
581,deepseek-coder:6.7b,yi-coder:9b,llm4cc-integrated-patch,llm4cc-clone_type-patch,method,method,0.06061615433768841
582,deepseek-coder:6.7b,yi-coder:9b,llm4cc-integrated-patch,llm4cc-integrated-patch,method,method,0.19703397481423646
583,deepseek-coder:6.7b,hermes3:8b,llm4cc-integrated-patch,llm4cc-clone_type-patch,method,method,0.0037826844819607297
584,deepseek-coder:6.7b,hermes3:8b,llm4cc-integrated-patch,llm4cc-integrated-patch,method,method,0.04027107376530337
585,codegemma:7b-instruct,codegemma:7b-instruct,llm4cc-clone_type-patch,llm4cc-integrated-patch,method,method,0.07194426104553475
586,codegemma:7b-instruct,qwen2.5:7b,llm4cc-clone_type-patch,llm4cc-clone_type-patch,method,method,0.0293592382609561
587,codegemma:7b-instruct,qwen2.5:7b,llm4cc-clone_type-patch,llm4cc-integrated-patch,method,method,0.019599558169865028
588,codegemma:7b-instruct,qwen2.5-coder:7b,llm4cc-clone_type-patch,llm4cc-clone_type-patch,method,method,0.21203291601293583
589,codegemma:7b-instruct,qwen2.5-coder:7b,llm4cc-clone_type-patch,llm4cc-integrated-patch,method,method,0.014450185176718033
590,codegemma:7b-instruct,yi-coder:9b,llm4cc-clone_type-patch,llm4cc-clone_type-patch,method,method,0.01095667322306082
591,codegemma:7b-instruct,yi-coder:9b,llm4cc-clone_type-patch,llm4cc-integrated-patch,method,method,0.0019051114664989655
592,codegemma:7b-instruct,hermes3:8b,llm4cc-clone_type-patch,llm4cc-clone_type-patch,method,method,-0.0044537632664594096
593,codegemma:7b-instruct,hermes3:8b,llm4cc-clone_type-patch,llm4cc-integrated-patch,method,method,-0.004553201618662239
594,codegemma:7b-instruct,qwen2.5:7b,llm4cc-integrated-patch,llm4cc-clone_type-patch,method,method,-0.06274300938959265
595,codegemma:7b-instruct,qwen2.5:7b,llm4cc-integrated-patch,llm4cc-integrated-patch,method,method,0.057412220198309494
596,codegemma:7b-instruct,qwen2.5-coder:7b,llm4cc-integrated-patch,llm4cc-clone_type-patch,method,method,0.07378761361711728
597,codegemma:7b-instruct,qwen2.5-coder:7b,llm4cc-integrated-patch,llm4cc-integrated-patch,method,method,0.03256903027762437
598,codegemma:7b-instruct,yi-coder:9b,llm4cc-integrated-patch,llm4cc-clone_type-patch,method,method,0.042266325648724234
599,codegemma:7b-instruct,yi-coder:9b,llm4cc-integrated-patch,llm4cc-integrated-patch,method,method,0.0955572092511836
600,codegemma:7b-instruct,hermes3:8b,llm4cc-integrated-patch,llm4cc-clone_type-patch,method,method,-0.0012001535673340502
601,codegemma:7b-instruct,hermes3:8b,llm4cc-integrated-patch,llm4cc-integrated-patch,method,method,0.005386941752303143
602,qwen2.5:7b,qwen2.5:7b,llm4cc-clone_type-patch,llm4cc-integrated-patch,method,method,-0.0735878983847853
603,qwen2.5:7b,qwen2.5-coder:7b,llm4cc-clone_type-patch,llm4cc-clone_type-patch,method,method,0.0037920022012046806
604,qwen2.5:7b,qwen2.5-coder:7b,llm4cc-clone_type-patch,llm4cc-integrated-patch,method,method,-0.005574382828358093
605,qwen2.5:7b,yi-coder:9b,llm4cc-clone_type-patch,llm4cc-clone_type-patch,method,method,-0.09099089337284405
606,qwen2.5:7b,yi-coder:9b,llm4cc-clone_type-patch,llm4cc-integrated-patch,method,method,-0.12328223386277104
607,qwen2.5:7b,hermes3:8b,llm4cc-clone_type-patch,llm4cc-clone_type-patch,method,method,-0.02363876673998977
608,qwen2.5:7b,hermes3:8b,llm4cc-clone_type-patch,llm4cc-integrated-patch,method,method,-0.016882920845230354
609,qwen2.5:7b,qwen2.5-coder:7b,llm4cc-integrated-patch,llm4cc-clone_type-patch,method,method,0.012201002431371677
610,qwen2.5:7b,qwen2.5-coder:7b,llm4cc-integrated-patch,llm4cc-integrated-patch,method,method,0.022922253140566506
611,qwen2.5:7b,yi-coder:9b,llm4cc-integrated-patch,llm4cc-clone_type-patch,method,method,0.07007925949661431
612,qwen2.5:7b,yi-coder:9b,llm4cc-integrated-patch,llm4cc-integrated-patch,method,method,0.06237004180914152
613,qwen2.5:7b,hermes3:8b,llm4cc-integrated-patch,llm4cc-clone_type-patch,method,method,0.002585703695723085
614,qwen2.5:7b,hermes3:8b,llm4cc-integrated-patch,llm4cc-integrated-patch,method,method,0.005199640281113749
615,qwen2.5-coder:7b,qwen2.5-coder:7b,llm4cc-clone_type-patch,llm4cc-integrated-patch,method,method,0.014594900721936699
616,qwen2.5-coder:7b,yi-coder:9b,llm4cc-clone_type-patch,llm4cc-clone_type-patch,method,method,0.006042868524804845
617,qwen2.5-coder:7b,yi-coder:9b,llm4cc-clone_type-patch,llm4cc-integrated-patch,method,method,0.008815797909854428
618,qwen2.5-coder:7b,hermes3:8b,llm4cc-clone_type-patch,llm4cc-clone_type-patch,method,method,-0.006171059980901283
619,qwen2.5-coder:7b,hermes3:8b,llm4cc-clone_type-patch,llm4cc-integrated-patch,method,method,0.016127041834717915
620,qwen2.5-coder:7b,yi-coder:9b,llm4cc-integrated-patch,llm4cc-clone_type-patch,method,method,-0.027141557190471177
621,qwen2.5-coder:7b,yi-coder:9b,llm4cc-integrated-patch,llm4cc-integrated-patch,method,method,0.008733548749311537
622,qwen2.5-coder:7b,hermes3:8b,llm4cc-integrated-patch,llm4cc-clone_type-patch,method,method,0.003355993846970051
623,qwen2.5-coder:7b,hermes3:8b,llm4cc-integrated-patch,llm4cc-integrated-patch,method,method,-0.023073085557495432
624,yi-coder:9b,yi-coder:9b,llm4cc-clone_type-patch,llm4cc-integrated-patch,method,method,0.05671603794390112
625,yi-coder:9b,hermes3:8b,llm4cc-clone_type-patch,llm4cc-clone_type-patch,method,method,-0.007743748105460524
626,yi-coder:9b,hermes3:8b,llm4cc-clone_type-patch,llm4cc-integrated-patch,method,method,0.029822609886142937
627,yi-coder:9b,hermes3:8b,llm4cc-integrated-patch,llm4cc-clone_type-patch,method,method,0.004043842929468466
628,yi-coder:9b,hermes3:8b,llm4cc-integrated-patch,llm4cc-integrated-patch,method,method,0.0014404496858226867
629,hermes3:8b,hermes3:8b,llm4cc-clone_type-patch,llm4cc-integrated-patch,method,method,-0.000372252500658643
